,HOSPITAL NAME,LOCATION,NO. OF DOCTORS,NO. OF BEDS
0,Lifewave Hospital,"Malad East, Mumbai",224,15
1,Dugad Hospital,"Satara Road, Pune",205,15
2,Nityaseva Hospital,"Sangvi, Pune",197,2
3,SMT. Bhagwan Devi Hospital,"Old City, Hyderabad",175,50
4,Manipal Hospital,"Old Airport Road, Bangalore",173,100
5,Sainath Hospital,"Ameerpet, Hyderabad",163,10
6,CM Patel Hospital,"Shahdara, Delhi",135,25
7,Deenanath Mangeshkar Hospital,"Erandwane, Pune",132,700
8,Maharaja Agrasen Hospital,"Dwarka, Delhi",125,1
9,Desai Accident & General Hospital,"Bhosari, Pune",117,48
10,Sri Esodha Children's hospital,"Ayanavaram, Chennai",101,15
11,Vadapalani Hospital,"Vadapalani, Chennai",93,5
12,BMS Hospital,"Basavanagudi, Bangalore",89,8
13,P.K.Child Care Hospital,"Porur, Chennai",89,3
14,Lakshya Hospital Fertility & Women's Centre,"Tambaram, Chennai",87,20
15,Krishna Children's Hospital,"Akkayyapalem, Visakhapatnam",84,2
16,Universal Hospital,"Kasba Peth, Pune",83,50
17,Malik Radix Health Care,"Nirman Vihar, Delhi",76,50
18,Sai Hospital-Thane,"Mulund, Mumbai",76,25
19,Prashanth Multispeciality Hospital,"Chetpet, Chennai",75,300
20,Aarogya Hospital,"Chitra Vihar, Delhi",73,30
21,"Sarpotdar Eye Hospital, Kothrud","Kothrud, Pune",65,2
22,Dr Malathi Manipal Hospital,"Jayanagar 9 Block, Bangalore",65,80
23,Genesis Hospital,"Kasba, Kolkata",65,5
24,Chetana Hospital,"Secunderabad, Hyderabad",65,30
25,Galaxy Hospital,"Pimple Saudagar, Pune",63,10
26,Green City Hospital,"JP Nagar 6 Phase, Bangalore",62,25
27,Woodlands Multispeciality Hospital,"Alipore, Kolkata",61,100
28,Manjunath Hospital,"Wilson Garden, Bangalore",59,30
29,Chikitsa Hospital,"Saket, Delhi",58,50
30,Konark Hospital,"Jeedimetla, Hyderabad",57,100
31,Sri Sai Kamala Hospital,"Dilsukhnagar, Hyderabad",57,50
32,Disha Eye Hospital,"Barrackpore, Kolkata",56,5
33,St. Philomena's Hospital,"Viveknagar, Bangalore",55,400
34,Das Nursing Home,"Pozhichalur, Chennai",52,30
35,C M Hospital,"Medavakkam, Chennai",52,8
36,Max Smart Super Speciality Hospital,"Saket, Delhi",51,500
37,Apollo Hospital,"Secunderabad, Hyderabad",51,150
38,Choolai 24hrs Hospital,"Choolai, Chennai",50,35
39,People Tree Hospitals,"Yeshwanthpur, Bangalore",50,200
40,Sri Bhargavi Hospital,"Moti Nagar, Hyderabad",48,15
41,Pritam Children's Hospital,"Bhosari, Pune",48,25
42,Mallige Medical Centre,"Kumara Park West, Bangalore",48,150
43,Viola Hospital ,"Okhla, Delhi",47,15
44,Sahid Khudiram Bose Hospital,"Belgharia, Kolkata",46,60
45,Bhagwan Mahaveer Jain Hospital - Vasanthnagar,"Millers Road, Bangalore",45,500
46,Apollo Spectra Hospital,"Kothaguda, Hyderabad",43,21
47,Thumbay Hospital New Life,"Malakpet, Hyderabad",43,150
48,Lotus Hospital,"Rajarhat, Kolkata",42,25
49,BHARATHY HOSPITAL,"Vijayanagar, Bangalore",42,30
50,Gavane Hospital,"Wakad, Pune",42,5
51,Sancheti Hospital,"Shivaji Nagar, Pune",42,200
52,Sri Venkateswara C M Hospital,"Nanganallur, Chennai",42,30
53,Pranaam Hospital,"Madinaguda, Hyderabad",41,100
54,Siva Head & Neck Hospital,"Royapettah, Chennai",40,10
55,Cloudnine Kids,"Jayanagar, Bangalore",39,32
56,Apollo Spectra Hospitals,"Koramangala 5 Block, Bangalore",39,20
57,Nice Hospital,"Masab Tank, Hyderabad",39,120
58,Bhatia  Hospital,"Tardeo, Mumbai",39,209
59,Omni Hospitals,"Kothapet, Hyderabad",37,250
60,Oscar Multispeciality Hospital,"Kandivali West, Mumbai",37,75
61,Axis Multispecialty Hospital,"Andheri West, Mumbai",37,20
62,Fortis Hospital,"Nagarbhavi, Bangalore",36,75
63,Sankhwar Hospital,"Kondli, Delhi",36,100
64,Olive Hospital,"Mehdipatnam, Hyderabad",35,100
65,Dr. Shroff's Charity Eye Hospital,"Darya Ganj, Delhi",35,56
66,Sahyadri Hospitals,"Deccan Gymkhana, Pune",35,200
67,Birthright By Rainbow,"Bannerghatta Road, Bangalore",34,20
68,Pace Hospitals,"Begumpet, Hyderabad",34,100
69,Dr. Leena N Sreedhar Consultation Chamber,"Moti Nagar, Delhi",34,60
70,Midas ENT Head & Neck Super Speciality Hospital,"Dilsukhnagar, Hyderabad",33,100
71,People Tree Hospitals - Meenakshi,"Banashankari, Bangalore",33,100
72,Sangeeta Nursing Home,"Sector 21, Chandigarh",33,7
73,Prakash Jyot Hospital & I.C.C.U,"Govandi, Mumbai",33,20
74,RG Stone Urology & Laparoscopy Hospital,"Greater Kailash, Delhi",33,55
75,Dharamshila Hospital,"Vasundhra Enclave, Delhi",33,250
76,Dr. Saji D'souza's KSAC Hospital,"Punjagutta, Hyderabad",33,40
77,Columbia Asia Hospitals,"Salt Lake, Kolkata",33,100
78,Medipoint Hospital,"Aundh, Pune",33,102
79,Srushti Fertility Centre & Women's Hospital,"Ramapuram, Chennai",33,5
80,Gouri Hospital,"Kamla Nagar, Delhi",32,25
81,Maharaja Agrasen Hospital,"Padmanabhanagar, Bangalore",32,40
82,Global Hospital,"Lakdikapul, Hyderabad",32,100
83,Hinduja Hospital,"Mahim, Mumbai",32,50
84,Ashwin Medical Foundation's Moraya Multispeciality Hospital,"Chinchwad, Pune",32,50
85,Birati Municipal Hospital,"Dumdum, Kolkata",32,75
86,Moolchand Hospital,"Lajpat Nagar, Delhi",32,50
87,Jaya Bhushan Hospitals,"Mehdipatnam, Hyderabad",32,25
88,Fortis Malar Hospital,"Adyar, Chennai",31,500
89,N.S.Hospital,"Tambaram, Chennai",31,15
90,Max Hospital,"Sector 19, Noida",31,20
91,Saicharan Hospital,"Ramanthapur, Hyderabad",31,10
92,Sagar Hospital,"Jayanagar, Bangalore",30,200
93,Eshwar Women & Day Care Hospital,"Jakkur, Bangalore",30,10
94,Madhuram Multispeciality Hospital & ICU,"Palanpur Nd, Surat",30,18
95,Padmini Nursing Home,"Chetpet, Chennai",30,15
96,Sanjeevan Hospital,"Darya Ganj, Delhi",29,100
97,Cloudnine Hospital,"Malleswaram, Bangalore",29,47
98,St John Medical College and Hospital,"Sarjapur Road, Bangalore",29,1348
99,J V Hospital,"Kodambakkam, Chennai",29,30
100,Vijetha Hospital,"Maharani Peta, Visakhapatnam",29,100
101,Westend Speciality Petcare And Nursing Center,"Seshadripuram, Bangalore",28,5
102,Ovum Woman & Child Speciality Hospital,"Banaswadi, Bangalore",28,28
103,Jeewan Mala Hospital,"Karol Bagh, Delhi",28,75
104,Annamalai Hospital,"West Mambalam, Chennai",28,10
105,Aashara Hospital,"Anna Nagar West, Chennai",28,12
106,Kusuma Hospital,"Banashankari 3rd Stage, Bangalore",28,30
107,Fortis Escorts,"Okhla, Delhi",27,310
108,Sahawas Hospital,"Karve Nagar, Pune",27,5
109,Brahm Shakti Hospital & Research Centre,"Rohini, Delhi",27,100
110,Girishwari Hospital,"Teynampet, Chennai",27,150
111,BGS Global Hospital,"Kengeri, Bangalore",27,100
112,RathiMed Speciality Hospital,"Anna Nagar, Chennai",27,20
113,Surya Mother & Child Super Speciality Hospital,"Wakad, Pune",27,100
114,Laser and Laparoscopic Hospital,"T Nagar, Chennai",27,50
115,MyCure Hospital - Zila Parishad Junction,"Maharani Peta, Visakhapatnam",27,56
116,Matrix Hospital,"Ramanthapur, Hyderabad",27,20
117,Endo Viz Hospital,"Kukatpally, Hyderabad",26,75
118,Jayashree Nursing Home,"Kumara Park West, Bangalore",26,25
119,FourCare Hospital,"Vileparle East, Mumbai",26,6
120,EEDF Hospital,"Jodhpur Park, Kolkata",26,130
121,Nano Hospitals,"Hulimavu, Bangalore",26,30
122,Shobha Hospital,"BTM Layout, Bangalore",26,2
123,Navodaya Nursing Home,"Amberpet, Hyderabad",26,20
124,Fortis Hospital and Kidney Institute,"Rash Behari Avenue, Kolkata",25,100
125,Brookefield Hospital,"Kundalahalli, Bangalore",25,100
126,Kalpana Hospital,"Velachery, Chennai",25,1
127,Dhanwantari Hospital,"Nigdi, Pune",25,30
128,Punarjyoti Eye Hospital,"Wilson Garden, Bangalore",25,20
129,Guru Nanak Hospital,"Bandra East, Mumbai",25,120
130,Shifaa Hospital,"Vasanthnagar, Bangalore",25,200
131,Zoi Hospitals,"Somajiguda, Hyderabad",25,104
132,Ujhwal Hospitals,"Madhurawada, Visakhapatnam",25,100
133,Kadimi Nursing Home,"Chanda Nagar, Hyderabad",25,25
134,NRR Hospitals,"Jalahalli, Bangalore",25,20
135,MaxCure Hospitals,"Madhapur, Hyderabad",25,220
136,Sant Parmanand Hospital,"Civil Lines, Delhi",25,153
137,Unity Life Line Hospital,"Nagarbhavi, Bangalore",24,60
138,Param Tej Sehra Medical Centre,"Punjabi Bagh, Delhi",24,5
139,Cosh,"Tambaram, Chennai",24,50
140,Satyanand Hospital - Kondhwa,"Kondhwa, Pune",23,36
141,Kauvery Hospitals,"Mylapore, Chennai",23,100
142,Memorial Hospital,"Adyar, Chennai",23,30
143,Care & Cure Speciality Hospital (C and C Woman's Hospital),"Ayanavaram, Chennai",23,10
144,Shenoy Nursing Home,"East Marredpally, Hyderabad",23,20
145,Pace Hospital,"Hitech City, Hyderabad",23,100
146,Eshwar Hospital,"Mahalakshmi Layout, Bangalore",23,11
147,Sir Ganga Ram Kolmet Hospital,"Old Rajendra Nagar, Delhi",22,40
148,Parakh Hospital,"Ghatkopar East, Mumbai",22,80
149,Cloudnine Hospital,"Whitefield, Bangalore",22,13
150,Endocrine and Diabetes Clinic,"Borivali West, Mumbai",22,20
151,Bangalore Hospital ,"Jayanagar, Bangalore",22,55
152,HCG - Health Care Global,"Sampangiramnagar, Bangalore",22,5
153,Mangal Anand Hospital,"Chembur, Mumbai",22,38
154,Khanna Hospital,"Janak Puri, Delhi",22,38
155,Navachetana Hospital,"Yelahanka, Bangalore",22,30
156,Amey Surgical Nursing Home,"Kanjurmarg, Mumbai",21,9
157,Excel Care Hospital,"Banashankari 2nd Stage, Bangalore",21,44
158,Hira Surgical Nursing Home,"Goregaon East, Mumbai",21,7
159,Pristine Hospital,"West Of Chord Road, Bangalore",21,100
160,Lake View Hospital,"HSR Layout, Bangalore",21,20
161,Adiva Hospital,"Green Park, Delhi",21,15
162,Center For Sight( Basheerbagh),"Basheerbagh, Hyderabad",21,6
163,Koshys Hospital,"Ramamurthy Nagar, Bangalore",21,25
164,MV Hospital for Diabetes,"Adyar, Chennai",21,10
165,Family Hospital,"Mathikere - BEL, Bangalore",21,20
166,Holy Spirit Hospital,"Andheri East, Mumbai",21,300
167,Oarchid Hospital,"Kothapet, Hyderabad",21,50
168,Vatsalya Mother & Child Care,"Bhosari, Pune",21,20
169,SIMS Hospital,"Serilingampally, Hyderabad",21,50
170,Sai Sneh Hospital & Diagnostic Center Pvt. Ltd,"Satara Road, Pune",20,31
171,AVS Hospital,"Pallikaranai, Chennai",20,6
172,Sankara Eye Hospital,"Kundalahalli, Bangalore",20,25
173,Mamatha Hospitals,"Kukatpally, Hyderabad",20,120
174,Sri Sai Ram Hospital,"BTM Layout 2nd Stage, Bangalore",20,40
175,Patel Hospital,"Laxmi Nagar, Delhi",20,25
176,Maiya Multi Speciality Hospital,"Jayanagar, Bangalore",20,40
177,Orchid Hospital,"Lohegaon, Pune",20,60
178,New Life Line Multi speciality Hospital,"Kapra, Hyderabad",20,25
179,Behl Hospital ,"Naraina Vihar, Delhi",19,15
180,Hindustan Health Point,"Garia, Kolkata",19,100
181,Challa Hospitals,"Ameerpet, Hyderabad",19,100
182,Durgabai Deshmukh Hospital,"Vidyanagar, Hyderabad",19,50
183,Vikram Hospital,"Millers Road, Bangalore",19,225
184,ILS Hospitals,"Dumdum Road, Kolkata",19,130
185,Apollo Spectra,"Koramangala 4 Block, Bangalore",19,8
186,Fortis Aashlok Hospital,"Safdarjung Enclave, Delhi",19,30
187,Benzer Nursing Home,"Andheri West, Mumbai",19,15
188,V CareMulti Speciality Hospital,"Ameerpet, Hyderabad",19,50
189,Sanjeevini MultispecialIty Hospital,"Mahalakshmi Layout, Bangalore",18,76
190,Ramakrishna Super Speciality Hospital,"Jayanagar, Bangalore",18,38
191,HV Desai Eye Hospital,"Hadapsar, Pune",18,250
192,Shreenagar Nursing Home,"Srinagar, Bangalore",18,30
193,Sir Ganga Ram Hospital,"Old Rajendra Nagar, Delhi",18,654
194,Asian Eye Hospital,"Dhole Patil Road, Pune",18,10
195,Techno Global Hospital,"Barrackpore, Kolkata",18,130
196,Belle Vue Clinic,"Minto Park, Kolkata",18,6
197,Madhu Hospital,"Bhandup West, Mumbai",18,25
198,Columbia Asia Hospital,"Whitefield, Bangalore",18,150
199,Poornima Hospital,"RT Nagar, Bangalore",18,30
200,Bgs Global Hospitals,"Kengeri, Bangalore",18,10
201,Narayana Multispeciality Hospital,"Barasat, Kolkata",17,145
202,Neptune Hospital ,"Malviya Nagar, Delhi",17,18
203,AyurVAID Hospitals (Ayurveda),"Ramamurthy Nagar, Bangalore",17,15
204,Dr. Rabindrans Health Care Centre,"Ambattur, Chennai",17,60
205,Jeevan Maternity & General Hospital,"Malad East, Mumbai",17,30
206,Jogeshwari Hospital,"Jogeshwari West, Mumbai",17,14
207,Surekha Hospital,"Kompally, Hyderabad",17,50
208,Rahman Hospital,"Delhi, Delhi",17,2
209,Cherish Hospital,"Thirumullaivoyal, Chennai",17,20
210,Ashwini Accident Hospital,"Mahim, Mumbai",17,10
211,Maru Hospital,"Parel, Mumbai",17,20
212,Saluja Hospital,"Secunderabad, Hyderabad",17,50
213,Bhagat Hospital,"Janak Puri, Delhi",16,35
214,Jawahar Hospital,"Tambaram, Chennai",16,15
215,Sagar Chandramma Hospitals,"VV Puram, Bangalore",16,50
216,Jeevanshree Hospital,"Chandan Nagar, Pune",16,5
217,S L Raheja Fortis Hospital,"Mahim, Mumbai",16,140
218,MediHope Super Speciality Hospital,"New Thippasandra, Bangalore",16,110
219,Shradha Multispeciality Hospital,"Narela, Delhi",16,20
220,Sidvin Hospital ,"Rajajinagar, Bangalore",16,50
221,Makkar Medical Centre,"Nirman Vihar, Delhi",16,10
222,Kangaroo Care Women & Children Hospital,"Vijayanagar, Bangalore",16,40
223,Sharma clinic & maternity home,"Laxmi Nagar, Delhi",16,20
224,Irene Hospital,"Kalkaji, Delhi",16,55
225,Manasa Hospital,"Padmarao Nagar, Hyderabad",16,5
226,Mythri Hospital,"Chanda Nagar, Hyderabad",16,150
227,Binayak Multispeciality Hospital,"Dumdum, Kolkata",16,100
228,P D Hinduja Sindhi Hospital ,"Sampangiramnagar, Bangalore",15,100
229,Marvel Hospital And Fertility Centre,"Koramangala 1 Block, Bangalore",15,30
230,Dr. Mehta's Hospitals,"Chetpet, Chennai",15,27
231,Pinkle Hospital,"Haripura, Surat",15,18
232,KIMS Hospital,"Kondapur, Hyderabad",15,150
233,Mohammedi Memorial Hospital,"Attapur, Hyderabad",15,20
234,Soundarapandian Bone and Joint Hospital & Research Institute,"Anna Nagar, Chennai",15,60
235,GIA Hospital,"Vijayanagar, Bangalore",15,25
236,Orthopaedic Excellence Group Available at Fortis Hospital,"Vasant Kunj, Delhi",15,150
237,Milann - The Fertility Center,"JP Nagar 1 Phase, Bangalore",15,25
238,Deepam Hospitals,"Tambaram West, Chennai",15,136
239,Surya Mother and Child Super Speciality Hospital,"Santacruz West, Mumbai",15,70
240,NU Hospitals,"Rajajinagar, Bangalore",15,100
241,Birthright By Rainbow,"Banjara Hills, Hyderabad",14,150
242,Tulasi Hospitals,"Kushaiguda, Hyderabad",14,100
243,Madras Medical Mission Hospital,"Mogappair, Chennai",14,100
244,Omega Hospital,"Banjara Hills, Hyderabad",14,150
245,Kamineni Hospitals,"LB Nagar, Hyderabad",14,350
246,Neighbourhood Hospital,"JP Nagar 7 Phase, Bangalore",14,50
247,Mount Multispeciality Hospitals,"Adambakkam, Chennai",14,20
248,Care Hospitals,"Gachibowli, Hyderabad",14,250
249,Fortis La Femme,"Greater Kailash Part 2, Delhi",14,38
250,AMRI Hospital,"Dhakuria, Kolkata",14,1000
251,Pushpanjali Medical Centre,"Anand Vihar, Delhi",14,45
252,Legend Hospital,"Hayathnagar, Hyderabad",14,20
253,A.K. Hospital,"Aminjikarai, Chennai",14,20
254,Lucknow Unani Hospital,"Mahanagar, Lucknow",14,2
255,Mamta Nursing Home,"Wilson Garden, Bangalore",14,15
256,Sai Jyoti Eye and Dental Hospital,"Ulsoor, Bangalore",14,10
257,Supurva Hospitals,"Kanakpura Road, Bangalore",14,85
258,Dr. Lal Hospital,"Badarpur, Delhi",13,10
259,Hindu Mission Hospital,"Tambaram West, Chennai",13,220
260,Shree Hospital,"Chembur, Mumbai",13,28
261,Pankajam Memorial Hospital,"Nanganallur, Chennai",13,25
262,Gupta Mulitispeciality Hospital,"Vivek Vihar, Delhi",13,50
263,Asian Hospital,"Bhugaon, Pune",13,10
264,Billroth Hospitals,"Shenoy Nagar, Chennai",13,600
265,VIMS Speciality Hospitals,"Marathahalli, Bangalore",13,150
266,Sunrise Hospitals,"East Of Kailash, Delhi",13,250
267,Siddhi Hospital & Laparoscopy Center Pvt. Ltd.,"Dhankawadi, Pune",13,51
268,Radial Ortho Speciality Hospital,"Medavakkam, Chennai",13,10
269,National Institute Of Ophthalmology,"Shivaji Nagar, Pune",13,16
270,Fortis C-DOC Hospital,"Nehru Place, Delhi",13,25
271,Vibhu Nursing Home,"Malviya Nagar, Delhi",13,7
272,Geetha Multi Speciality Hospital,"West Marredpally, Hyderabad",13,100
273,Tirath Ram Shah Hospital,"Civil Lines, Delhi",13,200
274,Cygnus Institute Of Gastroenterology,"Kukatpally, Hyderabad",13,70
275,Jeevika Hospital,"Marathahalli, Bangalore",13,80
276,OHF - Om Shree Swami Samarth Hospital,"Chinchwad, Pune",13,20
277,Bapu Nature Cure Hospital & Yogashram,"Mayur Vihar Ph-I, Delhi",13,40
278,Shah Accident Hospital,"Yerwada, Pune",13,40
279,Shashwat Hospital,"Aundh, Pune",13,60
280,The Childrens Hospital Mumbai,"Malad West, Mumbai",13,12
281,BSA Nursing Home,"Bannerghatta Road, Bangalore",13,3
282,Mata Chanan Devi Hospital,"Janak Puri, Delhi",12,210
283,Balaji Nursing Home,"Thiruvanmiyur, Chennai",12,15
284,Azam Hospital,"Old City, Hyderabad",12,15
285,Narayana Hospital,"Purasawakkam, Chennai",12,50
286,Laksha Hospital,"Mylapore, Chennai",12,50
287,Santom Hospital,"Rohini, Delhi",12,105
288,Frontier Lifeline Hospital,"Mogappair, Chennai",12,120
289,Dhanvantari Hospital,"Andheri West, Mumbai",12,12
290,Dhanashree Hospital,"Chinchwad, Pune",12,50
291,Malar Eye Care,"Adyar, Chennai",12,1
292,Continental Hospitals,"Gachibowli, Hyderabad",12,750
293,Krishna Eye And Ent Hospital,"T Nagar, Chennai",12,50
294,Orchid Hospital & Heart Centre,"Janak Puri, Delhi",12,50
295,Bharti Eye Hospital,"Greater Kailash Part 1, Delhi",12,10
296,Niranjana Hospital and Well Women Centre,"Villivakkam, Chennai",12,25
297,Manipal Ankur,"JP Nagar 1 Phase, Bangalore",12,11
298,Columbus Hospital - Institute Of Psychiatry and Deaddiction,"Begumpet, Hyderabad",12,30
299,Sri Sri Holistic Hospitals,"Nizampet, Hyderabad",12,100
300,Vijay Marie Hospital,"Khairatabad, Hyderabad",12,200
301,Shekhar Hospital,"Jayanagar, Bangalore",12,24
302,Sri Krishna Hospital,"Bannerghatta Road, Bangalore",12,20
303,Sobti Hospital,"Matunga, Mumbai",11,7
304,S K Hospital,"Nagarbhavi, Bangalore",11,20
305,SMS ENT And Surgical Hospital,"Himayat Nagar, Hyderabad",11,15
306,Sarla Hospital,"Santacruz West, Mumbai",11,35
307,Bharathi Nursing Home,"Basavanagudi, Bangalore",11,30
308,Axon Speciality Hospital,"Indiranagar, Bangalore",11,50
309,Dr. Rao's ENT Super Speciality International Hospital,"KPHB, Hyderabad",11,100
310,Sri Raghavendra Multispeciality Hospital,"Ecil, Hyderabad",11,100
311,Mathru Nursing Home,"Hulimavu, Bangalore",11,15
312,Fortis Hospital,"Vasant Kunj, Delhi",11,200
313,Ovum Fertility & Women's Health Center,"Kalyan Nagar, Bangalore",11,6
314,Panchsheel Hospital,"Yamuna Vihar, Delhi",11,50
315,CARE HOSPITAL ( GURUNANAK ) MUSHEERABAD,"Musheerabad, Hyderabad",11,90
316,Sparsh Hospital for Advanced Surgeries,"Vasanthnagar, Bangalore",11,120
317,Parekh Eye Hospital,"Bandra, Mumbai",11,3
318,Venus Mother & Child Hospital,"Lal Bazaar, Hyderabad",11,15
319,Tanvir Hospital,"Srinagar Colony, Hyderabad",11,37
320,Eye7 Chaudhary Eye Centre,"Lajpat Nagar, Delhi",11,10
321,Mantra Kerali Ayurvedic Hospital,"Saroor Nagar, Hyderabad",11,5
322,Sai Krishna Neuro Hospital,"Kachiguda, Hyderabad",11,75
323,Mata Roop Rani Maggo Hospital,"Uttam Nagar, Delhi",11,40
324,Apollo Speciality Hospital,"Vanagaram, Chennai",11,50
325,Aditi Hospital,"Mulund West, Mumbai",11,4
326,Satya Bhama Hospital,"Nangloi, Delhi",11,55
327,Sparsh Super Speciality Hospital,"Yeshwanthpur, Bangalore",11,250
328,RUBY Hospital,"Kasba, Kolkata",11,100
329,Mangal Murti Hospital,"Borivali West, Mumbai",11,30
330,Mahindru Hospital,"Delhi, Delhi",11,20
331,Rainbow Children's Hospital,"Bannerghatta Road, Bangalore",10,100
332,Krishna Hospital,"Kothrud, Pune",10,40
333,Rohit Hospital,"Thiruvottiyur, Chennai",10,30
334,Serene Hospital,"Vishrantwadi, Pune",10,26
335,O.P Memorial Hospital,"Rohini, Delhi",10,4
336,Sowmya Childrens Hospital,"SR Nagar, Hyderabad",10,25
337,Sri Venkateshwara Nethralaya,"Rajarajeshwarinagar, Bangalore",10,10
338,Chellaram Diabetes Hospital,"Bavdhan, Pune",10,60
339,Teja Hospital,"Ambattur, Chennai",10,30
340,Sitaram Bhartia Institute Of Science & Research,"Qutab Institutional Area, Delhi",10,70
341,Sahyadri Hospital,"Bibvewadi, Pune",10,31
342,Krishna Children's Hospital,"Lakdikapul, Hyderabad",10,50
343,Life Care Hospital,"BTM Layout, Bangalore",10,30
344,Swastik Medical Center,"Anand Vihar, Delhi",10,13
345,Delhi Heart And Lung Institute,"Mandir Marg, Delhi",10,100
346,MyCure Hospital - Jagdamba Junction,"Maharani Peta, Visakhapatnam",10,100
347,"Jagannath Maternity, Surgical & General Hospital","Govandi, Mumbai",10,20
348,Chellam Hospital,"Madambakkam, Chennai",10,30
349,Masrani Hospital For Women,"Andheri, Mumbai",10,15
350,Godrej Memorial Hospital,"Vikhroli, Mumbai",10,110
351,Zion Hospital,"Kammana Halli, Bangalore",10,55
352,Magna Code,"Jubilee Hills, Hyderabad",10,5
353,K.P Hospital,"Adambakkam, Chennai",10,35
354,Vitalife Clinic,"Whitefield, Bangalore",10,30
355,Chitale E.N.T Hospital,"Sadashiv Peth, Pune",10,2
356,Blossom Multispecialty Hospital,"Electronics City, Bangalore",10,40
357,Bombay Hospital & Medical Research Centre,"Marine Lines, Mumbai",10,900
358,Sai Sanjeevini Hospitals,"Kothapet, Hyderabad",10,120
359,Amrit Hospital,"Sowcarpet, Chennai",10,6
360,N D R Hospital,"Yelahanka, Bangalore",10,15
361,Global Hospital,"Perumbakkam, Chennai",10,1000
362,Sunshine Hospital,"Secunderabad, Hyderabad",10,450
363,Apex Hospital,"Borivali West, Mumbai",10,5
364,Metro Hospital and Cancer Institute,"Preet Vihar, Delhi",10,155
365,Neha Prakash Hospital,"Yelahanka, Bangalore",9,50
366,Disha Childrens Hospital,"Vanasthalipuram, Hyderabad",9,20
367,Pancholi Hospital,"Ghatkopar East, Mumbai",9,20
368,Dr. Mohan's Diabetes Specialities Centre,"Domalguda, Hyderabad",9,8
369,Swathi Hospital,"Banjara Hills, Hyderabad",9,30
370,MEDS Hospital ,"Old City, Hyderabad",9,20
371,Specialist Hospital,"Kalyan Nagar, Bangalore",9,150
372,Bajaj Medical Centre,"Paschim Vihar, Delhi",9,10
373,Sri Krishna Seva Shrama Hospital,"Jayanagar, Bangalore",9,70
374,Nagamani Hospital,"Washermenpet, Chennai",9,25
375,Jayashree Multispeciality Hospital,"Begur, Bangalore",9,70
376,Shalivahana Multi Speciality Hospital,"Dilsukhnagar, Hyderabad",9,100
377,Susheela Hospital,"Ramanthapur, Hyderabad",9,10
378,RK Nursing Home,"Chromepet, Chennai",9,10
379,Swastik Nursing Home,"Ghatkopar West, Mumbai",9,10
380,Jeevan Sai Hospital,"Vanasthalipuram, Hyderabad",9,15
381,S. D. Hospital,"Delhi, Delhi",9,5
382,Seven Eleven Hospital,"Mira Road, Mumbai",9,150
383,Anand Hospital,"Mira Road, Mumbai",9,15
384,Naba Jiban Hospital,"Shyambazar, Kolkata",9,10
385,Sita Bhateja Specialty Hospital,"Langford Road, Bangalore",9,30
386,DNA Multispeciality Hospital ,"Kandivali East, Mumbai",9,15
387,Aries Maternity Hospital,"Mehdipatnam, Hyderabad",9,35
388,Narurkar ENT Hospital,"Chembur East, Mumbai",9,2
389,Hira Mongi Navneet Hospital,"Mulund West, Mumbai",9,5
390,Rohan Hospital,"Mehdipatnam, Hyderabad",9,35
391,Bangaluru Neuro Centre,"Malleswaram, Bangalore",9,22
392,KKR ENT Hospital and Research Centre,"Kilpauk, Chennai",9,35
393,Hegde Hospital ,"Chembur, Mumbai",9,14
394,Ashoka Nursing Home & Multispeciality Hospital,"Krishna Nagar, Delhi",9,100
395,Indraprastha Apollo Hospital,"Jasola, Delhi",9,10
396,Sri Lakshmi Super Speciality Hospital,"CV Raman Nagar, Bangalore",9,50
397,Centre For Sexual & Mental Health,"Greater Kailash Part 2, Delhi",9,20
398,Choithram Hospital & Research Centre,"Manikbagh, Indore",9,200
399,Raksha Hospital,"Malad West, Mumbai",9,35
400,ReSCUE -  The Urology Center,"Rajajinagar, Bangalore",9,20
401,Konaseema Hospitals,"Kukatpally, Hyderabad",9,100
402,Kukreja Hospital,"Mayur Vihar Ph-I, Delhi",9,25
403,DaVita Care India Pvt. Ltd.,"Banashankari 2nd Stage, Bangalore",9,20
404,Dr Naveen Reddy's General Hospital,"Moti Nagar, Hyderabad",9,50
405,Dr. LH Hiranandani Hospital,"Powai, Mumbai",9,50
406,Indraprastha Apollo Hospitals,"Sarita Vihar, Delhi",9,100
407,Venkataeswara Hospitals,"Nandanam, Chennai",9,130
408,Manjushree Speciality Hospital,"Ulsoor, Bangalore",9,30
409,Shepherd Nursing Home,"Perambur, Chennai",9,20
410,Dr Bhargavi Reddy Women & Children Hospital,"Indiranagar, Bangalore",9,15
411,Santosham Chest Hospital,"Egmore, Chennai",9,50
412,Aasha  Fertility Centre,"Borivali West, Mumbai",9,12
413,Aakash Fertility Centre & Hospital,"Vadapalani, Chennai",9,50
414,SMT Shakuntala Patil Eye Hospital & Shakuntala Vision Care,"Basavanagudi, Bangalore",9,1
415,Surya Fertility Centre,"T Nagar, Chennai",9,2
416,Bangalore Institute of Gastroenterology,"Jayanagar, Bangalore",9,100
417,Vinayaka Hospital,"Jayanagar, Bangalore",8,8
418,Atullok Hospital,"Vikhroli East, Mumbai",8,15
419,Sama Hospital,"August Kranti Marg, Delhi",8,31
420,Vision Eye Hospital,"Rohini, Delhi",8,2
421,Punarjani Ayurveda Multi-Speciality Hospital,"Sarjapur Road, Bangalore",8,22
422,SLMS  Hospital,"Nagole, Hyderabad",8,6
423,Jeewan Hospital Gate No. 1,"New Friends Colony, Delhi",8,100
424,Agadi Centre For Advanced Dental Care,"Wilson Garden, Bangalore",8,100
425,SHUBHAM HOSPITAL,"Kalkaji, Delhi",8,20
426,Healing Touch Hospital,"Mehdipatnam, Hyderabad",8,5
427,Rishab Eye Centre,"Sainikpuri, Hyderabad",8,20
428,Divya Prastha Hospital,"Palam Colony, Delhi",8,55
429,Queens Hospital,"HSR Layout, Bangalore",8,40
430,St Stephens Hospital,"Tis Hazari, Delhi",8,600
431,Srikara Hospitals,"Miyapur, Hyderabad",8,200
432,SAS Hospital,"Bhandup West, Mumbai",8,25
433,Shanthi Hospital and Research Center,"Jayanagar 7 Block, Bangalore",8,40
434,Alpha Hospital,"Charminar, Hyderabad",8,120
435,Sri Sai Balaji Hospital,"Nagole, Hyderabad",8,15
436,Artemis Hospitals,"Dwarka, Delhi",8,50
437,Poulomi Hospital,"Kapra, Hyderabad",8,120
438,Vasan Eye Care Hospital,"RT Nagar, Bangalore",8,11
439,Vasan Eye Care Hospital,"Marathahalli, Bangalore",8,7
440,Shanti Mukand Hospital,"Vikas Nagar, Delhi",8,70
441,Gunasheela Surgical And Maternity Center,"Basavanagudi, Bangalore",8,60
442,Visitech Eye Centre,"South Extension 2, Delhi",8,10
443,Adiva Super-Speciality Care,"Green Park, Delhi",8,50
444,Jeevan Anmol Hospital,"Mayur Vihar Ph-I, Delhi",8,100
445,Pentamed Hospital,"Model Town, Delhi",8,30
446,KIMS - Krishna Institute of Medical Sciences,"Secunderabad, Hyderabad",8,1000
447,Xenia Hospital,"Ecil, Hyderabad",8,100
448,Swaram Specialty Hospital,"Sholinganallur, Chennai",8,30
449,V. S. Hospital,"Kovilambakkam, Chennai",8,8
450,BSS Hospital,"Mandaveli, Chennai",8,40
451,City Tower Hospitals,"Anna Nagar, Chennai",8,52
452,Manipal Hospital,"Whitefield, Bangalore",8,280
453,Hindu Mission Health Services,"Nanganallur, Chennai",8,50
454,N.N. Hospital,"Tambaram West, Chennai",8,4
455,People Tree Maarga,"Yelahanka, Bangalore",8,30
456,Srushti Fertility Hospital & Womens Clinic,"Kotturpuram, Chennai",8,5
457,Ratna Memorial Hospital,"Senapati Bapat Marg, Pune",8,75
458,Soukya Hospital,"Vidyaranyapura, Bangalore",8,20
459,Ramayya Pramila Urology & Laparoscopy Hospital,"Basheerbagh, Hyderabad",8,50
460,Maharishi Ayurveda Hospital,"Shalimar Bagh, Delhi",8,49
461,Pallavaram Children Medical Centre,"Pallavaram, Chennai",8,26
462,Jain Hospital,"Goregaon West, Mumbai",8,5
463,Rushabh Hospital,"Chembur, Mumbai",8,10
464,The Venlakh Hospital,"Chamarajpet, Bangalore",8,50
465,Athreya Hospital,"Hosur Road, Bangalore",8,50
466,International Fertility Centre,"Green Park, Delhi",8,30
467,Chaitanya Hospital,"Parvati Gaon, Pune",8,25
468,Milann The Fertility Center,"Kumara Park West, Bangalore",8,36
469,"Vardhan Fertility, Laparoscopy  & Women Care Centre","Banaswadi, Bangalore",8,9
470,Dr Solanki Eye Hospital,"Malleswaram, Bangalore",8,10
471,Mallige Hospital,"Peenya, Bangalore",8,15
472,Sumana Hospital,"Kukatpally, Hyderabad",8,50
473,Patil Hospital,"Sinhagad Road, Pune",8,40
474,Parvathi Nursing Home,"KK Nagar, Chennai",8,25
475,Bethesda Hospital & Child Care Centre,"Tambaram East, Chennai",8,35
476,Sujay Hospital,"Vileparle West, Mumbai",7,50
477,Haritha Hospitals,"Kothaguda, Hyderabad",7,30
478,"Nirmala Maternity, Orthopaedic And General Hospital","Mehdipatnam, Hyderabad",7,30
479,Parvathy Hospital,"Chromepet, Chennai",7,50
480,Sai Shourya's Test Tube Baby Centre,"Kukatpally, Hyderabad",7,10
481,Ameya Clinic,"Erandwane, Pune",7,20
482,Milann - The Fertility Center,"Indiranagar, Bangalore",7,10
483,Al-Hasan Children Hospital,"Nalasopara West, Mumbai",7,13
484,Shreeji Hospital,"Ghatkopar West, Mumbai",7,15
485,Sparsh Hospital,"Delhi, Delhi",7,2
486,Global Nursing Home,"Ghatkopar, Mumbai",7,30
487,Avis Hospitals,"Jubilee Hills, Hyderabad",7,20
488,Agada Hospital,"T Nagar, Chennai",7,35
489,Sims Hospital (Srm Institutes For Medical Science),"Vadapalani, Chennai",7,360
490,Kataria Hospital,"Yerwada, Pune",7,20
491,Ramlok ENT Hospital,"Bhayandar West, Mumbai",7,20
492,S J Hospital,"Sanjay Nagar, Bangalore",7,30
493,Prashanth Hospital,"Bommanahalli, Bangalore",7,80
494,Varalakshmi Hospital,"BTM Layout, Bangalore",7,25
495,Divakars Speciality Hospital,"JP Nagar 2 Phase, Bangalore",7,25
496,APS Nursing Home,"Hadapsar, Pune",7,15
497,Swapna Health Care,"Begumpet, Hyderabad",7,50
498,Kohinoor Hospital,"Kurla West, Mumbai",7,175
499,Kedar Hospital,"Mugalivakkam, Chennai",7,10
500,Landmark Hospitals,"Nizampet, Hyderabad",7,100
501,Lokmanya Hospital,"Swargate, Pune",7,50
502,GarbhaGudi IVF Center,"Kalyan Nagar, Bangalore",7,5
503,NKS Super Speciality Hospital,"Gulabi Bagh, Delhi",7,102
504,Olmec Plastic Surgery & Hair Transplant Hospital,"Pitampura, Delhi",7,7
505,Margaret Sidney Hospital,"Nanganallur, Chennai",7,10
506,Aakash Hospital,"Malviya Nagar, Delhi",7,50
507,Bharti Children & Cardio Diabetic Hospital,"Pimple Saudagar, Pune",7,15
508,Mallika Hospital,"Jogeshwari West, Mumbai",7,30
509,Salunke Hospital,"Wadgaon Sheri, Pune",7,12
510,Sona Hospital And Medical Centre,"Santacruz East, Mumbai",7,15
511,Surana Hospital,"Bhayandar, Mumbai",7,15
512,Shree Chakra Hospital,"Hosur Road, Bangalore",7,18
513,Shishuka Children's Specialty Hospital,"HRBR Layout, Bangalore",7,50
514,Cytecare Cancer Hospitals,"Yelahanka, Bangalore",7,150
515,Srinivasa Hospital,"Hayathnagar, Hyderabad",7,30
516,Rise Children Hospital ,"Mehdipatnam, Hyderabad",7,100
517,Rajashri Grandhim Speciality Hospital,"Bannerghatta Road, Bangalore",7,20
518,New Life Fertility & IVF Centre,"Nanganallur, Chennai",7,5
519,Indo-us Superspeciality Hospital,"Ameerpet, Hyderabad",7,50
520,Asha Maternity And General Hospital,"Malad East, Mumbai",7,30
521,Family Hospital Pvt. Ltd.,"Tilak Nagar, Delhi",7,3
522,C.M.Diabetes Centre- Karthik Hospital,"Wilson Garden, Bangalore",7,12
523,Eskay Healthcare,"Abbigere, Bangalore",7,50
524,Sreenagar Nursing Home,"Srinagar, Bangalore",7,30
525,B P Poddar Hospital & Medical Research,"New Alipore, Kolkata",7,205
526,Retreat Hospital,"Malakpet, Hyderabad",7,20
527,Aravind Hospital,"Hayathnagar, Hyderabad",7,15
528,"MANKINDD - The Gastro, Liver & Pancreas Centre","Himayat Nagar, Hyderabad",7,25
529,KIMS Bibi Hospital,"Malakpet, Hyderabad",7,150
530,Maharashtra Medical Foundation - Joshi Hospital,"Shivaji Nagar, Pune",7,110
531,Jeevan Jyoti Hospital,"Okhla, Delhi",7,5
532,Vivek Nursing Home,"Ghatkopar West, Mumbai",7,20
533,Zed Dental Hospital,"Punjabi Bagh, Delhi",6,5
534,Padmaavathi Nethralaya Hospital,"Kukatpally, Hyderabad",6,5
535,Suchak Hospital,"Malad, Mumbai",6,60
536,Trinity Hospital and Heart Foundation,"Basavanagudi, Bangalore",6,100
537,Preeti Urology and Kidney Hospital,"Kukatpally, Hyderabad",6,75
538,Geetha Maternity And Surgical Centre,"Rajarajeshwarinagar, Bangalore",6,11
539,Rainbow Children's Hospital,"Hyder Nagar, Hyderabad",6,80
540,Lunkad Hospital,"Yerwada, Pune",6,4
541,Vijaya Hospital,"Dasarahalli, Bangalore",6,25
542,Spectrum Physio Centre,"Richmond Town, Bangalore",6,75
543,K M Speciality & Pediatric Care,"KK Nagar, Chennai",6,100
544,Ponmalligai Hospital,"Adambakkam, Chennai",6,50
545,Ashok Hospital,"Dahisar East, Mumbai",6,12
546,Kaveri Speciality Hospital,"Koramangala, Bangalore",6,10
547,Sanjeevani Hospital,"Chinchwad, Pune",6,5
548,Sunridges Speciality Hospital,"Vileparle West, Mumbai",6,30
549,Nalamm Hospital PVT. Limited,"MKB Nagar, Chennai",6,25
550,Sri Sai Sakthi Nursing Home,"MKB Nagar, Chennai",6,10
551,MGS Super Speciality Hospital,"Punjabi Bagh, Delhi",6,100
552,Rao Dental Hospital,"Tilak Nagar, Delhi",6,2
553,Himagiri Hospitals,"Gachibowli, Hyderabad",6,50
554,Springleaf Healthcare,"Electronics City, Bangalore",6,25
555,Apollo Spectra Hospitals,"Sadashiv Peth, Pune",6,35
556,Jain Institute of Vascular Sciences,"Vasanthnagar, Bangalore",6,400
557,Srijan The Fertility Centre & Women Care Hospital,"Borivali West, Mumbai",6,15
558,Dr. Agarwal's Eye Hospital,"JP Nagar 3 Phase, Bangalore",6,25
559,Doctors Hospital,"Chaitanyapuri, Hyderabad",6,25
560,Maxi Vision Super Speciality Eye Hospitals,"Santosh Nagar, Hyderabad",6,10
561,Mercury Hospital,"Egmore, Chennai",6,30
562,CMRA Hospital,"Kundalahalli, Bangalore",6,5
563,A-One Hospital,"Paschim Vihar, Delhi",6,20
564,Lakshmi Sailaja Hospital,"Suchitra Circle, Hyderabad",6,30
565,All India Institute Of Medical Sciences,"Ansari Nagar, Delhi",6,5
566,People's Hospital,"Pragathi Nagar, Hyderabad",6,5
567,Abhijay Hospital Pvt Ltd,"Perambur, Chennai",6,100
568,Maxivision Eye Hospital,"Somajiguda, Hyderabad",6,20
569,Columbia Asia Hospital,"Kharadi, Pune",6,50
570,TKR's Ikon Hospital,"Dilsukhnagar, Hyderabad",6,75
571,Githa Nature Cure & Yoga Hospital,"Kothapet, Hyderabad",6,5
572,Femiint Health,"Whitefield, Bangalore",6,20
573,Ezhil Hospital,"Tondiarpet, Chennai",6,40
574,Muni Maya Ram Jain Hospital,"Pitampura, Delhi",6,50
575,Dr Rudrappa First Class Eye Care Hospital,"Richmond Town, Bangalore",6,15
576,Shree Ayurvedic Multispeciality Hospital,"T Nagar, Chennai",6,10
577,Kailash Hospital,"Sector 27, Noida",6,325
578,Yatharth Wellness Hospital & Trauma Centre,"Greater Noida, Noida",6,157
579,Aastha Hospital & IVF Centre,"Vikas Puri, Delhi",6,20
580,Devagiri Hospital,"Banashankari, Bangalore",6,50
581,Sree Netralaya Eye Hospital,"Kothapet, Hyderabad",6,10
582,M.M.Dental Care,"Alwarpet, Chennai",6,5
583,Srinivasa Hospital,"Narayanguda, Hyderabad",6,100
584,Sugam Hospital,"Thiruvottiyur, Chennai",6,100
585,Karuna Hospital,"Borivali West, Mumbai",6,50
586,Sankhya Hospitals,"Kukatpally, Hyderabad",6,50
587,Khushi Maternity & Nursing Home,"Goregaon East, Mumbai",6,9
588,Unique Hospital,"Andheri West, Mumbai",6,15
589,Appasamy Krishna Hospital,"Velachery, Chennai",6,10
590,Blk Super Speciality Hospital,"Pusa Road, Delhi",6,650
591,Firm Hospitals,"Anna Nagar, Chennai",6,20
592,Tamara Hospital & IVF Centre,"Rajajinagar, Bangalore",6,30
593,Aryan Hospital,"Nagarbhavi, Bangalore",6,50
594,M.N.Eye Hospital,"Tondiarpet, Chennai",6,20
595,Dr. Gujar's Maternity and Surgical Hospital,"Mulund East, Mumbai",6,8
596,Rockland Hospital,"Dwarka, Delhi",6,100
597,Bhagyalatha Hospital - Eye Unit,"Vanasthalipuram, Hyderabad",6,15
598,Priya Nursing Home,"Washermenpet, Chennai",6,50
599,Shiva Krishna Hospital,"Sahibabad, Delhi",6,30
600,Sri Srinivasa Hospital,"Santosh Nagar, Hyderabad",6,51
601,Bakul Parekh Children's Hospital,"Ghatkopar East, Mumbai",6,50
602,Bhagwan Mahaveer Jain Hospital,"Banashankari 3rd Stage, Bangalore",6,100
603,"Kamineni Orthopaedics, Kingkoti","King Koti, Hyderabad",5,200
604,Handa Nursing Home,"Raja Garden, Delhi",5,45
605,Kirti Nursing Home,"Delhi, Delhi",5,20
606,Hyderbad Kidney & Laproscopic Center,"Malakpet, Hyderabad",5,100
607,SCI International Hospital,"Greater Kailash Part 1, Delhi",5,49
608,Kirloskar Hospital,"Basheerbagh, Hyderabad",5,50
609,Devi Eye Hospital,"Koramangala 6 Block, Bangalore",5,10
610,Anand Hospital,"Varachha Road, Surat",5,7
611,"Lakshmi Hospital for Women, Children & Multispeciality","Madinaguda, Hyderabad",5,50
612,B T Hospital,"Mukherjee Nagar, Delhi",5,2
613,Avadh Eye Hospital,"Kankarbagh, Patna",5,20
614,Medwin Hospitals,"Nampally, Hyderabad",5,200
615,Apurbha Hospital,"Delhi, Delhi",5,7
616,Pushpawati Singhania Research Institute (PSRI Hospital),"Sheikh Sarai, Delhi",5,100
617,Remedy Hospitals,"Kukatpally, Hyderabad",5,80
618,Sri Ram Speciality Hospital,"Viveknagar, Bangalore",5,25
619,Unik Care Hospital,"Mallepally, Hyderabad",5,20
620,Dr. Yadav Hospital,"Nalasopara West, Mumbai",5,16
621,Saraswathy Multispeciality Hospital,"Madipakkam, Chennai",5,50
622,Ankur Hospital,"Kandivali West, Mumbai",5,15
623,Krishnaveni Hospital,"Hayathnagar, Hyderabad",5,50
624,Aastha Hospital,"Chinchwad, Pune",5,25
625,Sri Ramakrishna Hospital,"Kachiguda, Hyderabad",5,15
626,Pallava Hospital,"Ashok Nagar, Chennai",5,30
627, Nagher Samaj Hospital,"Ghatkopar West, Mumbai",5,15
628,RSR'S Trinity Acute Care Hospital,"Mylapore, Chennai",5,50
629,Motherhood Hospital Chennai,"Alwarpet, Chennai",5,5
630,Nandini Hospitals,"Sainikpuri, Hyderabad",5,30
631,Life Care Hospital,"Pudupet, Chennai",5,25
632,Innova Hospital And Research Centre,"Tarnaka, Hyderabad",5,100
633,Manashasthra Integrated Mind Care,"Vanagaram, Chennai",5,40
634,Mahaveer Super Speciality Eye Hospital and Laser Centre,"Camp, Pune",5,2
635,Be Well Hospital,"T Nagar, Chennai",5,15
636,Apple Multi Speciality Hospital,"Tolichowki, Hyderabad",5,50
637,Niyar Nursing Home,"Chandrayangutta, Hyderabad",5,15
638,Kohakade Hospital,"Wagholi, Pune",5,51
639,Sanjeevan Hospital,"Karve Nagar, Pune",5,105
640,Sanjeevanee Hospital,"Dadar East, Mumbai",5,15
641,Shetiya Hospital And Komal Nursing Home,"Vishrantwadi, Pune",5,25
642,Vasan Eye Care Hospital,"Neelankarai, Chennai",5,10
643,Kapadia Multispeciality Hospital,"Goregaon West, Mumbai",5,30
644,Shree Hospital,"Baghlingampally, Hyderabad",5,10
645,Acura Speciality Hospital,"Koramangala 5 Block, Bangalore",5,20
646,Lifeline Rigid Hospitals,"Kilpauk, Chennai",5,45
647,Criti Care Multi Speciality Hospital & Research Centre,"Andheri West, Mumbai",5,100
648,Shrikrupa Hospital,"Sangavi, Pune",5,10
649,Christudas Hospital,"Tambaram East, Chennai",5,15
650,Alpha Superspeciality Hospital,"Wakad, Pune",5,15
651,Wellspring Mother & Child Hospital,"Sadashivanagar, Bangalore",5,25
652,Surya Hospital - Krishna Nagar,"Krishna Nagar, Delhi",5,50
653,Cloudnine Clinic,"Andheri West, Mumbai",5,100
654,Amar Leela Hospital Pvt. Ltd,"Janak Puri, Delhi",5,43
655,Asian Cancer Institute,"Sion East, Mumbai",5,80
656,Vasan Eye Care Hospital,"Saidapet, Chennai",5,10
657,GSN Hospital,"Ameerpet, Hyderabad",5,10
658,Khaire Hospital,"Chinchwad, Pune",5,20
659,Jaipur Golden Hospital,"Rohini, Delhi",5,250
660,Dr Shah's Garbhasanskar Hospital,"Dadar, Mumbai",5,6
661,Max Hospital,"Pitampura, Delhi",5,120
662,Mukat Hospital & Heart Institute,"Sector 34, Chandigarh",5,40
663,Belle Vue Nursing Home,"Andheri West, Mumbai",5,25
664,Max Multi Speciality Centre - Panchsheel Park,"Panchsheel Park, Delhi",5,10
665,Shree Hospital,"Mulund, Mumbai",5,20
666,Sri Venkata Sai Nursing Home,"Dilsukhnagar, Hyderabad",5,20
667,Sahyadri Hospital,"Kothrud, Pune",5,30
668,Prashanthi Ortho & Maternity Hospital,"Malkajgiri, Hyderabad",5,20
669,Apollo Speciality Hospitals,"OMR Road, Chennai",5,70
670,Sagar Hospital DSI,"Banashankari, Bangalore",5,400
671,Lokmanya Hospital,"Nigdi, Pune",4,110
672,Eye care centre,"Malad West, Mumbai",4,10
673,N M Wadia Institute of Cardiology,"Bund Garden, Pune",4,58
674,Redefine Plastic and Cosmetic Surgery Center,"Kothapet, Hyderabad",4,5
675,Aditya Birla Memorial Hospital,"Chinchwad, Pune",4,500
676,Tandon Hospital,"Chembur East, Mumbai",4,11
677,Medipoint Hospital,"Chandan Nagar, Pune",4,50
678,Vivekananda Polyclinic & Institute Of Medical Sciences,"Niralanagar, Lucknow",4,350
679,Sunil Wankhede Memorial Hospital,"Dehu Road, Pune",4,15
680,Shreeyash Hospital,"Deccan Gymkhana, Pune",4,3
681,Mai Mangeshkar Hospital,"Warje, Pune",4,50
682,State Cancer Institute,"Sheikhpura, Patna",4,400
683,Krishna Hospital,"Sangavi, Pune",4,10
684,Bhartiya Arogya Nidhi Hospital,"Juhu, Mumbai",4,5
685,Ozone Hospital,"Sangavi, Pune",4,25
686,Aditya Homoeopathic Hospital And Healing Centre,"Pimpri, Pune",4,72
687,Aastha Health Care,"Mulund West, Mumbai",4,50
688,Dr Agashe's Maternity And Surgical Nursing Home,"Kurla West, Mumbai",4,20
689,BSES MG Hospital,"Andheri West, Mumbai",4,100
690,Diamond Hospital,"Jogeshwari West, Mumbai",4,20
691,Samvedana Physiotherapy & Rehabilitation Centre @ Samvedana Hospital,"Sector 48, Noida",4,100
692,Mahaveer Hospital,"Masab Tank, Hyderabad",4,200
693,Geeta Clinic & Maternity Home,"Barkatpura, Hyderabad",4,20
694,Yashoda Hospital,"Malakpet, Hyderabad",4,500
695,Ananda Hospital,"LB Nagar, Hyderabad",4,10
696,GNR Multi Speciality Hospital,"Alwal, Hyderabad",4,50
697,Prakash Nursing Home,"Nalasopara West, Mumbai",4,14
698,Amrita ENT Head and Neck Hospital,"KPHB, Hyderabad",4,3
699,Bhaskara Hospital,"SR Nagar, Hyderabad",4,10
700,Prime Hospital,"Goregaon East, Mumbai",4,10
701,Lotus Children Hospitals,"Kukatpally, Hyderabad",4,50
702,Russh Super Specialty Hospital,"Suchitra Circle, Hyderabad",4,150
703,Yashada Maternity & Surgical Home  ,"Goregaon East, Mumbai",4,18
704,NH Malla Reddy Narayan Multispeciality Hospital,"Jeedimetla, Hyderabad",4,250
705,Namaha Healthcare,"Kandivali West, Mumbai",4,60
706,Siddhivinayak Hospital,"Kandivali East, Mumbai",4,6
707,Soorya Orthopaedic Hospital,"Ecil, Hyderabad",4,50
708,Vascular Care Centre,"Raj Bhavan Road, Hyderabad",4,10
709,Pushpa Maternity And Nursing Home,"Malakpet, Hyderabad",4,50
710,Marvel Maternity And Nursing Home,"Chandrayangutta, Hyderabad",4,15
711,Dr. Farid's Hospital,"Mira Road, Mumbai",4,15
712,Citizens Specialty Hospitals,"Lingampally, Hyderabad",4,250
713,Maxcure Hospitals,"Saifabad, Hyderabad",4,200
714,Vignesh Nursing Home,"Kukatpally, Hyderabad",4,30
715,Induss Hospital,"Dilsukhnagar, Hyderabad",4,100
716,Worli Hospital For Women,"Worli, Mumbai",4,8
717,Global Animal Hospital,"Trimulgherry, Hyderabad",4,2
718,Aruna Hospital,"Ecil, Hyderabad",4,50
719,Aashritha Hospital,"Nacharam, Hyderabad",4,100
720,North City Hospital,"Ultadanga, Kolkata",4,110
721,Hedge Fertility Hospital,"Moosarambagh, Hyderabad",4,25
722,Rhythm Healthcare,"Pimple Saudagar, Pune",4,6
723,Orthopedic Doctor- Raghava Hospital,"Ameerpet, Hyderabad",4,50
724,Vasavi Hospital,"Lakdikapul, Hyderabad",4,150
725,Breach Candy Hospital,"Breach Candy, Mumbai",4,65
726,Srikara Hospitals,"Secunderabad, Hyderabad",4,100
727,St.Isabel's Hospital,"Mylapore, Chennai",4,300
728,Dr. Sailaja's Super Speciality Eye Hospital,"Horamavu, Bangalore",4,50
729,Bharathiraja Hospital,"T Nagar, Chennai",4,200
730,Banarasi Das Chandiwal Institute Of Medical Sciences,"Kalkaji, Delhi",4,30
731,Sunil Memorial,"Dwarka, Delhi",4,20
732,Republic Maternity Centre,"Bapujinagar, Bangalore",4,10
733,Swaram Hospital Kelambakkam,"Kelambakkam, Chennai",4,20
734,Parimala Health Care Services,"Bannerghatta Road, Bangalore",4,25
735,RG Stone Urology & Laparoscopy Hospital,"Pitampura, Delhi",4,6
736,Enhanced Health Care,"Indiranagar, Bangalore",4,20
737,Dr. Mohan's Diabetic Specialities Centre,"OMR Road, Chennai",4,15
738,Vasan Eye Care Hospital,"Chromepet, Chennai",4,10
739,M D Eye Care & Laser Centre,"Greater Kailash Part 2, Delhi",4,7
740,RC Hospital ,"Rajarajeshwarinagar, Bangalore",4,20
741,KHM Hospital,"Anna Nagar, Chennai",4,50
742,Cloudnine Hospital,"Bellandur, Bangalore",4,30
743,B M Hospitals,"Nanganallur, Chennai",4,70
744,Nalam Ayurveda Hospital,"Aminjikarai, Chennai",4,10
745,Manipal Ankur,"Kalyan Nagar, Bangalore",4,25
746,Healing Hospital,"Sector 34, Chandigarh",4,50
747,"Apollo Spectra Hospital,Kailash Colony","East Of Kailash, Delhi",4,16
748,Davita Care India Pvt. Ltd,"Shantinagar, Bangalore",4,20
749,Hitech Kidney Stone Hospital,"Kumara Park West, Bangalore",4,5
750,Raja Lakshmi Hospital,"Yeshwanthpur, Bangalore",4,100
751,Sparsh Hospital,"Hosur Road, Bangalore",4,150
752,Suraj Hospital,"Perumbakkam, Chennai",4,15
753,Friends Hospital,"Rohini, Delhi",4,4
754,Apollo Spectra Hospital,"Alwarpet, Chennai",4,24
755,Avm Medical ENT Research Foundation Hospital,"Mylapore, Chennai",4,25
756,ANN Hospital,"Valasaravakkam, Chennai",4,50
757,Apollo Speciality Cancer Hospital,"Teynampet, Chennai",4,500
758,Indigo Womens Center,"Anna Nagar, Chennai",4,6
759,Anjakha Multispeciality Hospital,"Madipakkam, Chennai",4,30
760,Sri Balaji Hospital,"Guindy, Chennai",4,55
761,Sunder Lal Jain Hospital,"Ashok Vihar, Delhi",4,10
762,Goyal Hospital & Urology Centre,"Krishna Nagar, Delhi",4,80
763,Spot Hospital,"Kodambakkam, Chennai",4,30
764,Gunasheela Fertility Centre,"Koramangala 3 Block, Bangalore",4,1
765,GLB Hospitals,"Anna Nagar, Chennai",4,10
766,Yashoda Hospital,"Secunderabad, Hyderabad",3,500
767,Irla Nursing Home & Polyclinic,"Vileparle West, Mumbai",3,16
768,An - Noor Eye Hospital,"Periyamet, Chennai",3,5
769,Dr. Agarwal's Eye Hospital,"Padmanabhanagar, Bangalore",3,2
770,Universal Eye Clinic,"Wadala, Mumbai",3,2
771,Psycare,"Jasola, Delhi",3,30
772,Venkateshwar Hospital,"Dwarka, Delhi",3,325
773,Bimla Devi Hospital,"Mayur Vihar Ph-II, Delhi",3,20
774,Om Sai Baba Hospital,"Chembur East, Mumbai",3,15
775,Kanaka Maternity Hospital,"HSR Layout, Bangalore",3,8
776,Sri Srinivasa Oncology Hospital,"Rajajinagar, Bangalore",3,10
777,Abhinav Orthopaedic Hospital,"Dilsukhnagar, Hyderabad",3,50
778,Jaslok Hospital,"Peddar Road, Mumbai",3,364
779,Mamatha Nursing Home,"Rajajinagar, Bangalore",3,10
780,Healix Hospitals,"Madinaguda, Hyderabad",3,100
781,Sai Preethi Life Line Hospital & Diagnostics,"Mehdipatnam, Hyderabad",3,10
782,Ramkrishna Nursing Home,"Jayanagar, Bangalore",3,10
783,Saifee Hospital,"Charni Road, Mumbai",3,256
784,Ashirwad Maternity & Nursing Home,"Bhandup West, Mumbai",3,16
785,Sanket Hospital,"Borivali West, Mumbai",3,9
786,Santosh Hospital,"Frazer Town, Bangalore",3,100
787,Sakhi Maternity & General Care,"Vanasthalipuram, Hyderabad",3,15
788,B. W. Lions Super Speciality Eye Hospital,"Kalasipalayam, Bangalore",3,25
789,Fortis Hospital,"Shalimar Bagh, Delhi",3,282
790,Cygnus Orthocare Hospital,"Safdarjung Development Area, Delhi",3,80
791,Sneh Nursing Home,"Andheri, Mumbai",3,4
792,Icon Hospital Maternity & Multispeciality Centre,"Hebbal Kempapura, Bangalore",3,20
793,J P Nursing Home,"Nandini Layout, Bangalore",3,20
794,Sai Baba Hospital,"Bhayandar East, Mumbai",3,34
795,Endoscopy Asia,"Sion West, Mumbai",3,80
796,Apollo Spectra Hospital,"Chembur, Mumbai",3,16
797,Navodaya Hospitals,"Secunderabad, Hyderabad",3,50
798,Dr Pagare Speciality Hospital & Critical Care Center,"Sangvi, Pune",3,8
799,Sri Tirumala Maternity & Nursing Home,"Vidyanagar, Hyderabad",3,10
800,Vasan Eye Care Hospital,"Madipakkam, Chennai",3,10
801,Vasnthi Orthopedic Hospital,"Arumbakkam, Chennai",3,10
802,A2Z  Pregnanacy Care,"Anna Nagar East, Chennai",3,15
803,Xcellent Care Hospital,"Velachery, Chennai",3,50
804,Anand Hospital - Manali,"Manali, Chennai",3,40
805,Medilife Hospital,"Mallepally, Hyderabad",3,4
806,PVR Dental Hospital,"Nanganallur, Chennai",3,1
807,Sahyadri Hospital,"Hadapsar, Pune",3,20
808,A V Hospital,"Washermenpet, Chennai",3,35
809,Noble Hospital,"Hadapsar, Pune",3,341
810,Chennai Meenakshi Multispeciality Hospital,"Mylapore, Chennai",3,100
811,GG Superspeciality Hospitals,"Nungambakkam, Chennai",3,30
812,CSI Rainy Hospital,"Washermenpet, Chennai",3,250
813,Apollo Spectra Hospitals,"MRC Nagar, Chennai",3,70
814,Vet N Pet Hospital,"Jubilee Hills, Hyderabad",3,15
815,GMR Hospital,"Mogappair West, Chennai",3,35
816,Chaitanya Hospitals & Diagnostics,"Kushaiguda, Hyderabad",3,50
817,Apollo Medical Center,"Karapakkam, Chennai",3,100
818,Raj Nursing Home,"Mogappair East, Chennai",3,5
819,Mantri Hospital,"Erandwane, Pune",3,10
820,Apollo Hospital - Tondiarpet,"Tondiarpet, Chennai",3,100
821,Vinayak Hospital,"Warje, Pune",3,20
822,E.G.Hospital,"Choolai, Chennai",3,2
823,Krushna General Hospital,"Bhosari, Pune",3,16
824,Dashmesh Hospital,"Zirakpur, Chandigarh",3,10
825,Shree Hospital,"Kharadi, Pune",3,75
826,NIXI ICU & Accident Hospital,"Handewadi, Pune",3,25
827,Oyster and Pearl Hospitals,"Bhavani Peth, Pune",3,50
828,Pandhi Hospital,"Sector 36, Chandigarh",3,40
829,Sterling Multispeciality Hospital,"Nigdi, Pune",3,200
830,Fortis la Femme,"Richmond Town, Bangalore",3,67
831,Chennai Krishna Hospital,"Chromepet, Chennai",3,11
832,Deendayal Memorial Hospital,"FC Road, Pune",3,30
833,Vasan Eye Care Hospital,"Alwarpet, Chennai",3,10
834,ARC International Fertility And Research Centre,"Perungudi, Chennai",3,100
835,People's Nursing Home,"Aminjikarai, Chennai",3,10
836,Srinivas Priya Hospital,"Perambur, Chennai",3,75
837,Jayam Hospital & GFC Fertility,"Kodambakkam, Chennai",3,30
838,Mind Zone,"Adyar, Chennai",3,70
839,Cloudnine Hospital,"Shivaji Nagar, Pune",3,18
840,Niramay Hospital,"Wadgaon Sheri, Pune",3,15
841,Modi Hospital ,"Mulund, Mumbai",3,25
842,Chennai National Hospital,"Parrys, Chennai",3,120
843,Pragna Hospitals,"Banjara Hills, Hyderabad",3,50
844,K.C. Raju Multi Speciality Hospital,"Lingarajapuram, Bangalore",3,50
845,Vinayaka Hospital,"Hongasandra, Bangalore",3,15
846,Brahma Kumaris' Global Hospital and Research Center,"Andheri West, Mumbai",3,20
847,Abhaya Hospital,"Wilson Garden, Bangalore",3,100
848,Aadarsh Nursing Home,"Ghatkopar West, Mumbai",3,20
849,Cutis Hospital,"Ghatlodia, Ahmedabad",3,14
850,Elbit Polyclinics Tarnaka,"Secunderabad, Hyderabad",3,56
851,Mother Hospital & Maternity Home,"Mota Varachha, Surat",3,20
852,Shreya Hospital,"Kengeri, Bangalore",3,20
853,Shalby Hospital,"Old Palasia, Indore",3,200
854,Park Nursing Home,"Ranjit Nagar, Delhi",3,4
855,Sumitra Hospital,"Sector 35, Noida",3,50
856,Apoorva Hospital,"Mehdipatnam, Hyderabad",3,20
857,Shree  Dhanvantari Ayurveda Hospital,"Rajajinagar, Bangalore",3,6
858,Ozone Hospitals,"Dilsukhnagar, Hyderabad",3,250
859,Mahavir Medical Research Centre,"Khar West, Mumbai",3,25
860,Krishna Hospital,"Pitampura, Delhi",3,20
861,Paschimi Hospital,"Paschim Vihar, Delhi",3,10
862,Krishna Hospital,"Maharani Peta, Visakhapatnam",3,40
863,Care Hospitals,"Banjara Hills, Hyderabad",3,200
864,Gayathri Hospital,"Vijayanagar, Bangalore",3,15
865,Dr. P Siva Reddy Eye Hospital,"Himayat Nagar, Hyderabad",3,20
866,Patients First (A Unit of Shraddha Health Care),"Koramangala 1 Block, Bangalore",3,4
867,Aastha Maternity & Surgical Nursing Home,"Lal baug, Mumbai",3,10
868,Live 100 Hospital,"Singasandra, Bangalore",3,150
869,The Vein Center - Sushrut Hospital,"Andheri East, Mumbai",3,5
870,Delhi E.N.T. Multi- Speciality Hospital,"Jasola, Delhi",3,10
871,Manipal Fertility,"Rajajinagar, Bangalore",3,25
872,Parnami Orthopaedic Hospital,"Azadpur, Delhi",3,2
873,Kesar Hospital,"Shalimar Bagh, Delhi",3,20
874,Sri Sai Ram Hospital,"Langer House, Hyderabad",3,20
875,Ribha Nursing and Maternity Home,"Andheri West, Mumbai",3,5
876,Sawan Neelu Angels Nursing Home,"Saket, Delhi",3,25
877,IBS Hospital,"Lajpat Nagar, Delhi",3,50
878,The Birthplace Hospital,"Banjara Hills, Hyderabad",3,25
879,Vanaja Hospital,"AS Rao Nagar, Hyderabad",3,25
880,Hemraj Jain Hospital and Maternity Home,"Janak Puri, Delhi",3,30
881,N.D.R Medical Centre,"Yelahanka, Bangalore",3,20
882,Yogananda Multispecialty Hospital,"Padmanabhanagar, Bangalore",3,30
883,Balaji Hospital,"Kompally, Hyderabad",3,100
884,ICare Eye Hospital,"Sector 26, Noida",3,10
885,Babasaheb Gawde Hospital,"Vileparle East, Mumbai",3,65
886,Jwala Hospital,"Indira Nagar, Lucknow",2,15
887,Nirvan Hospital,"Indira Nagar, Lucknow",2,50
888,Aayug Multi Specialty Hospital,"Kundalahalli, Bangalore",2,30
889,Noble Hospital,"Purasawakkam, Chennai",2,25
890,Mohan Nursing Home,"Ayanavaram, Chennai",2,30
891,Arokya Hospital,"Nesapakkam, Chennai",2,10
892,Prime Care Nursing Home,"Adambakkam, Chennai",2,6
893,Nupoor Maternity Home & Sonography Clinic,"Pal Bhatha, Surat",2,7
894,Sri Gopal Hospital,"Katargam, Surat",2,21
895,Raju Hospital,"T Nagar, Chennai",2,42
896,Karunesh Neuro & Spine Surgical Hospital,"Bapunagar, Ahmedabad",2,10
897,Navkar ENT Hospital,"Paldi, Ahmedabad",2,5
898,Olive Hospital,"Adajan Dn, Surat",2,15
899,Bakshi Hospital,"Kothrud, Pune",2,7
900,Dr Prakash Bhambure Clinic,"Satara Road, Pune",2,100
901,Dr Kamaraj Hospital For Men's Health,"Vadapalani, Chennai",2,10
902,Sooriya Hospital,"Saligramam, Chennai",2,200
903,Rvushi Children Hospital,"Laldarwaja, Surat",2,40
904,Gajanan Hospitals,"Tambaram, Chennai",2,75
905,Saidharm Eye Hospital,"Katargam, Surat",2,2
906,Lifepoint Multispeciality Hospital,"Wakad, Pune",2,100
907,Shubham Hospital,"L.P. Savani, Surat",2,16
908,Mamta Hospital,"Adajan Dn, Surat",2,16
909,Sri Vinayaka Nursing Home,"HAL 2nd Stage, Bangalore",2,3
910,Prime OBG Fertility Centre,"Thiruvanmiyur, Chennai",2,20
911,Orthomed Hospital,"Royapettah, Chennai",2,60
912,Shree Ayurveda Hospital,"Varachha Road, Surat",2,2
913,Jyothi Siddha & Ayurveda Hospital,"Tambaram, Chennai",2,10
914,Shiv Om Hospital,"Mira Road, Mumbai",2,20
915,Polaris Healthcare,"Wakad, Pune",2,15
916,Helios Hospitals,"Velachery, Chennai",2,25
917,Deepam Hospitals,"Chromepet, Chennai",2,40
918,Shivas Eye Care Hospital,"Anna Nagar, Chennai",2,1
919,Rabindranath Tagore Surgical Centre Hiland Park,"Garia, Kolkata",2,8
920,Sakhii Hospital,"BTM Layout 2nd Stage, Bangalore",2,21
921,Narayana Multispeciality Hospital,"HSR Layout, Bangalore",2,90
922,Fortis Hospital,"Sector 62, Noida",2,75
923,Apollo Hospitals,"Sector 26, Noida",2,700
924,S R Multispeciality Hospital,"Arumbakkam, Chennai",2,30
925,AIMS Hospital,"Greater Noida, Noida",2,50
926,Narayana Hrudhayalaya Multispeciality Hospital,"Whitefield, Bangalore",2,150
927, Prakash Hospital,"Sector 33, Noida",2,120
928,Shree Laxmi Nursing Home,"Chanda Nagar, Hyderabad",2,10
929,Kamineni Fertility Centre,"King Koti, Hyderabad",2,50
930,Noble Nursing Home,"Miyapur, Hyderabad",2,10
931,Alnoor Maternity Hospital,"Erragadda, Hyderabad",2,15
932,Janasri Nursing Home,"Serilingampally, Hyderabad",2,5
933,Uma National Hospital,"Saidabad, Hyderabad",2,10
934,Y. Kishan Rao Balanagar Lions Eye Hospital,"Balanagar, Hyderabad",2,30
935,M. S. Maternity And Nursing Home,"Tolichowki, Hyderabad",2,15
936,Trauma and Orthopaedic Speciality Hospital (TOSH),"Kilpauk, Chennai",2,30
937,M S R Hospital Surgical And Laparoscopic Centre,"Sriharipuram, Visakhapatnam",2,5
938,Ruby Hall Clinic,"Dhole Patil Road, Pune",2,550
939,SVS Marwari Hospital,"Raja Ram Mohan Sarani, Kolkata",2,150
940,Ashwini Hospital,"Chinchwad, Pune",2,10
941,Sai Multispeciality Hospital,"Hadapsar, Pune",2,30
942,Shrinivas Hospital,"Kankarbagh, Patna",2,50
943,Right Hospitals,"Kilpauk, Chennai",2,20
944,Dr V Seshiah & Balaji Research Institute & Diabetes Care Centre,"Aminjikarai, Chennai",2,50
945,Fortis Medcentre,"Marathahalli, Bangalore",2,50
946,Kidney & Urology Super-Speciality Clinic,"Rasta Peth, Pune",2,8
947,Mahavir Vatsalya Aspataal,"Kurji Md. Pur, Patna",2,120
948,Anjani Women's Day Care Hospital,"HRBR Layout, Bangalore",2,5
949,Vasan Eye Care Hospital,"Tambaram, Chennai",2,10
950,Hiremath Hospital,"Chinchwad, Pune",2,15
951,Dr. A.C Aruldas Hospital,"Perambur, Chennai",2,40
952,Hera Hospital,"Virugambakkam, Chennai",2,25
953,G R Fertility Centre,"Adambakkam, Chennai",2,20
954,Radha Krishna Pavan Nursing Home,"Sriharipuram, Visakhapatnam",2,3
955,Suman Hospital,"Thiruvottiyur, Chennai",2,5
956,Hiba Hospital,"Triplicane, Chennai",2,15
957,DRJ Hospital,"Kolathur, Chennai",2,75
958,Bloom Fertility & Healthcare,"Velachery, Chennai",2,50
959,Rashmi Hospital,"Indiranagar, Bangalore",2,30
960,Kaushal Hospital,"Pimpri, Pune",2,20
961,Pawar Hospital,"Dhankawadi, Pune",2,40
962,Vivekananda Hospital,"Bannerghatta Road, Bangalore",2,15
963,Spandana Hospital For Mother And Child,"Ramamurthy Nagar, Bangalore",2,5
964,Lokhande's Multispecialty Hospital,"Kalyan Nagar, Bangalore",2,15
965,Hitankshi Nursing Home,"Mira Road, Mumbai",2,15
966,Criticare Hospital,"Andheri East, Mumbai",2,100
967,Kokan Hospital,"Jogeshwari East, Mumbai",2,21
968,Sanghvi Hospital,"Andheri West, Mumbai",2,5
969,Shalyak Hospital,"Jogeshwari East, Mumbai",2,28
970,Arth Hospital,"Nalasopara East, Mumbai",2,20
971,Narayana Nethralaya,"Bannerghatta Road, Bangalore",2,21
972,Medivision Eye & Health Care Centre,"Masab Tank, Hyderabad",2,42
973,Antop Hill Hospital,"Antop Hill, Mumbai",2,10
974,Aashna Nursing Home,"Andheri, Mumbai",2,10
975,Mannat Hospital,"Govandi, Mumbai",2,18
976,Janhvi Nursing Home Pvt Ltd.,"Malad West, Mumbai",2,15
977,Ojas Eye Hospital,"Bandra West, Mumbai",2,25
978,Asha Nursing Home,"Banaswadi, Bangalore",2,16
979,Arogyam Hospital,"Kanjurmarg, Mumbai",2,15
980,Spurthy Hospital,"BTM Layout, Bangalore",2,15
981,Apex Hospital,"Govandi, Mumbai",2,10
982,Sai Hospital,"Antop Hill, Mumbai",2,25
983,Atlantis Hospital,"Malad West, Mumbai",2,20
984,Matru Seva Hospital,"Nana Peth, Pune",2,5
985,Spring Life IVF & Fertility Centre,"Parel, Mumbai",2,9
986,Mohit Hospital,"Borivali East, Mumbai",2,25
987,Apollo Hospital,"Jayanagar, Bangalore",2,150
988,Prime Hospital - Malad West,"Marve, Mumbai",2,15
989,Kamath Nursing home,"Banaswadi, Bangalore",2,5
990,Datt Maternity & Surgical Home,"Goregaon West, Mumbai",2,15
991,Sarojini hospital,"Dasarahalli, Bangalore",2,30
992,Marve Nursing Home,"Malad West, Mumbai",2,15
993,Brindhavvan Areion Hospital,"Chamarajpet, Bangalore",2,110
994,Chandrajyoti Children and General Hospital,"Ghatkopar West, Mumbai",2,18
995,Thunga Hospital,"Malad West, Mumbai",2,140
996,Seema Multispeciality Hospital,"Nalasopara West, Mumbai",2,30
997,Pushpaa Hospital,"Andheri West, Mumbai",2,15
998,Nova IVI Fertility,"Sadashivanagar, Bangalore",2,9
999,Surana Sethia Hospital and Research Center,"Chembur, Mumbai",2,75
1000,Zynova Heart Hospital,"Ghatkopar West, Mumbai",2,25
1001,Priyank Nursing Home,"Prabhadevi, Mumbai",2,7
1002,Sneha Hospital,"Bhayandar East, Mumbai",2,11
1003,Chandorkar Hospital,"Borivali, Mumbai",2,6
1004,Sagar Hospitals,"Banashankari, Bangalore",2,415
1005,Republic Hospital,"Richmond Town, Bangalore",2,70
1006,Bagavathi Multi Speciality Hospital,"HSR Layout, Bangalore",2,40
1007,Medstar Speciality Hospital,"Sahakaranagar, Bangalore",2,35
1008,JAI DEVI NURSING HOME,"Nalasopara East, Mumbai",2,15
1009,Sainath Hospital,"Moshi, Pune",2,100
1010,Dr. Kapadia's Maternity and General Hospital,"Malad, Mumbai",2,12
1011,Lakshmi Hospital.,"Ganganagar, Bangalore",2,20
1012,Vighnharta Sai Hospital,"Bhosari, Pune",2,10
1013,Belle Vue's Cambridge Hospital,"Ulsoor, Bangalore",2,25
1014,Dr. Varsha Parekh Maternity & Surgical Hospital,"Chembur East, Mumbai",2,17
1015,CT Nursing Home,"Dhanori, Pune",2,20
1016,VCare Hospital,"Zirakpur, Chandigarh",2,15
1017,Ranka Multispeciality Hospital,"Swargate, Pune",2,101
1018,Todkar Hospital,"Bhavani Peth, Pune",2,15
1019,Atharv Hospital,"Shivaji Nagar, Pune",2,10
1020,Bhayander Criticare Hospital,"Bhayandar East, Mumbai",2,35
1021,Ram Krishna Hospital,"Sadashiv Peth, Pune",2,10
1022,Mangalmurti Hospital,"Bhayandar East, Mumbai",2,15
1023,City Hospital,"Jogeshwari West, Mumbai",2,20
1024,Bhagwan Mahavir hospital,"Delhi, Delhi",2,25
1025,Sangamerkar Hospital,"Wadgaon Sheri, Pune",2,30
1026,Punamiya Hospital,"Dadar West, Mumbai",2,20
1027,Zydus Hospital,"Thaltej, Ahmedabad",2,550
1028,Dr. Mhaske Hospital & Research Center Pvt. Ltd.,"Hadapsar, Pune",2,22
1029,Surya Hospital,"Andheri, Mumbai",2,15
1030,K L Hospital,"Ramamurthy Nagar, Bangalore",2,55
1031,Ramakrishna Smart Hospitals,"Electronics City, Bangalore",2,6
1032,Maruti Nursing Home,"Mulund East, Mumbai",2,15
1033,Shri Vijayalakshmi Hospital & Trauma Centre,"Hennur, Bangalore",2,15
1034,Beams Hospital,"Koramangala, Bangalore",2,8
1035,Shalom Medicare Pvt Ltd,"Bhayandar East, Mumbai",2,25
1036,Sahara Nursing Home,"Govandi, Mumbai",2,12
1037,Niron Hospital,"Santacruz East, Mumbai",2,50
1038,Powai Polyclinic & Hospital,"Powai, Mumbai",2,30
1039,Sarodev Hospital,"Kandivali East, Mumbai",2,10
1040,Nethralakshi Eye Hospital,"Chamarajpet, Bangalore",2,30
1041,Marathe Hospital,"Swargate, Pune",2,10
1042,Shankar Nursing Home,"KR Puram, Bangalore",2,5
1043,Bengaluru Smiles Hospital,"Mathikere - BEL, Bangalore",2,50
1044,Divyadristhi Eye Hospital,"Vijayanagar, Bangalore",2,5
1045,Dr. Das Hospital & ICCU,"Chembur East, Mumbai",2,45
1046,Sri Venkateswara Hospital,"Madiwala, Bangalore",2,30
1047,Hitech Kidney Stone Hospital,"Jayanagar 7 Block, Bangalore",2,3
1048,Shastri Nursing Home,"Santacruz East, Mumbai",2,15
1049,KSAC Hospital,"Koramangala 6 Block, Bangalore",2,4
1050,Hope Hospital,"Munnekollal, Bangalore",2,20
1051,Dipakshi Multispeciality Hospital,"Sector 33, Noida",2,100
1052,Goodwill Hospital - Kidney And Surgical Centre,"Banjara Hills, Hyderabad",2,60
1053,Sri Tirumala Maternity And Nursing Home,"Warasiguda, Hyderabad",2,15
1054,Prashamsa Hospital,"Alwal, Hyderabad",2,20
1055,Jain Muni Roshan Lal Charitable Hospital,"Tri Nagar, Delhi",2,25
1056,RR Dental Hospital,"Vadapalani, Chennai",2,5
1057,Ushodaya Hospital,"Kishanbagh, Hyderabad",2,50
1058,Dr Akram Ali Nursing Home,"Santosh Nagar, Hyderabad",2,10
1059,Pulse Hospital,"Padmarao Nagar, Hyderabad",2,51
1060,Kakatiya Hospital,"Gachibowli, Hyderabad",2,30
1061,Rays Lifestyle Hospital,"Banjara Hills, Hyderabad",2,100
1062,Child Care Children Hospital,"Jeedimetla, Hyderabad",2,6
1063,Vasan Eye Hospital,"Begumpet, Hyderabad",2,20
1064,Vasan Eye Care Hospital,"Perambur, Chennai",2,10
1065,Chenna Reddy Hospital,"Chanda Nagar, Hyderabad",2,10
1066,New Rohini Hospital,"Rohini, Delhi",2,8
1067,Bansal Hospital,"New Friends Colony, Delhi",2,15
1068,Aarogya Hospital,"Nampally, Hyderabad",2,30
1069,Safe Children Hospital,"Malakpet, Hyderabad",2,100
1070,Janahita Hospital,"Jeedimetla, Hyderabad",2,55
1071,Shakthi Maternity Centre,"Ayanavaram, Chennai",2,4
1072,Jain Eye Hospital And Laser Centre,"Shalimar Bagh, Delhi",2,2
1073,Triton Hospital,"Nehru Place, Delhi",2,22
1074,Sridhar Multi Speciality Hospital,"Santosh Nagar, Hyderabad",2,100
1075,Navjeevan Hospital - Pitampura,"Pitampura, Delhi",2,25
1076,Shine Childrens Hospital,"LB Nagar, Hyderabad",2,50
1077,Dr Raos Super Speciality ENT Hospital,"Punjagutta, Hyderabad",2,10
1078,Sai Siva Children Hospital,"Chanda Nagar, Hyderabad",2,30
1079,Datta Saanvi Hospitals,"Old Bowenpally, Hyderabad",2,25
1080,Vasantha Multi Speciality Hospital,"Thiruvottiyur, Chennai",2,30
1081,Rainbow Children's Hospital,"Madhapur, Hyderabad",2,25
1082,Swapna Healthcare - Miyapur,"Miyapur, Hyderabad",2,50
1083,NM Fertility Centre and Hospital,"Madhavaram, Chennai",2,25
1084,Max Vision Eye Hospital,"Kukatpally, Hyderabad",2,10
1085,Dr. Mohan's  Diabetes Specialities Centre,"Porur, Chennai",2,15
1086,Dr Poonam Chawla Maternity Home,"Vikas Puri, Delhi",2,5
1087,Vijaya Health Care,"Secunderabad, Hyderabad",2,100
1088,Birthright By Rainbow,"Kondapur, Hyderabad",2,40
1089,Veena Nursing Home,"Rohini, Delhi",2,6
1090,Chandar Leela Hospital,"Uttam Nagar, Delhi",2,15
1091,Nimra Hospital,"Falaknuma, Hyderabad",2,15
1092,Lotus Hospital for Women and Childrens,"Lakdikapul, Hyderabad",2,150
1093,Paul Nursing Home & Child Care Center,"Hari Nagar, Delhi",2,8
1094,Tilaknagar Hospital,"Amberpet, Hyderabad",2,25
1095,K L Hospital,"Neelangarai, Chennai",2,30
1096,HCG SMH Curie Cancer Centre,"Karkardooma, Delhi",2,15
1097,Kishan Rao Hospital,"Tilak Nagar, Hyderabad",2,15
1098,Sigma Hospitals,"Dilsukhnagar, Hyderabad",2,50
1099,Dr Arya's Dental Hospital,"Bhajanpura, Delhi",2,1
1100,BBR Super Speciality Hospital,"Balanagar, Hyderabad",2,175
1101,SVK Hospital,"Jeedimetla, Hyderabad",2,20
1102,Oakridge Hospitals,"Madhapur, Hyderabad",2,100
1103,Sigma Hospital ,"Jeedimetla, Hyderabad",2,150
1104,Eye Q Super Speciality Eye Hospitals,"Shalimar Bagh, Delhi",2,2
1105,Centre for Sight - Rajouri Garden,"Rajouri Garden, Delhi",2,4
1106,Madhava Multispeciality Hospital,"Secunderabad, Hyderabad",2,100
1107,Swetha Hospital,"Khairatabad, Hyderabad",2,12
1108,Central Hospital,"Ganesh Nagar, Delhi",2,25
1109,Villivakkam Health Centre,"Villivakkam, Chennai",2,5
1110,Dr. Deva Multi Speciality Hospital,"Pattabiram, Chennai",2,10
1111,Happy Children's Hospital,"Chanda Nagar, Hyderabad",2,50
1112,Kosmos Superspeciality Hospital,"Anand Vihar, Delhi",2,50
1113,Avantika Hospital,"Rohini, Delhi",2,8
1114,Pavan Sai Hospital,"LB Nagar, Hyderabad",2,10
1115,Nethra Eye Institute(A Unit OfS owrya Hospitals),"Ameerpet, Hyderabad",2,10
1116,M M Eyetech Institute,"Lajpat Nagar, Delhi",2,10
1117,Lalitha Nursing Home,"Alwarthirunagar, Chennai",2,4
1118,Max Super Speciality Hospital,"Saket, Delhi",2,250
1119,Advanced Endocrine & Diabetes Hospital & Research Center,"KPHB, Hyderabad",2,15
1120,B. V. K. Reddy  Hospital,"Warasiguda, Hyderabad",2,10
1121,Tarak Hospital,"Dwarka, Delhi",2,75
1122,Allwin Hospital,"Khairatabad, Hyderabad",2,15
1123,R G Stone Urology & Laparoscopy Hospital,"Rajouri Garden, Delhi",2,15
1124,Parvathi Hospital,"Secunderabad, Hyderabad",2,50
1125,Suraksha Children Hospital,"Tarnaka, Hyderabad",2,50
1126,Basant Sahney Hospital,"West Marredpally, Hyderabad",2,60
1127,Vimhans PrimaMed Super Speciality Hospital,"Nehru Nagar, Delhi",2,90
1128,Bhatia Global Hospital & Endosurgery Institute,"Paschim Vihar, Delhi",2,50
1129,Madhuri Hospital,"Yousufguda, Hyderabad",2,10
1130,Vijaya Vamsi Hospital,"Somajiguda, Hyderabad",2,10
1131,VS Hospitals - Centre for Advanced Surgeries and Tertiary Care,"Kilpauk, Chennai",2,50
1132,Chaitaya hospital,"Vanasthalipuram, Hyderabad",2,10
1133,Jayaprada Hospital,"Lothkunta, Hyderabad",2,20
1134,Sree Srinivasa ENT Care & Reasearch Institute,"Punjagutta, Hyderabad",2,10
1135,Kings Hospital,"Kolathur, Chennai",2,40
1136,Nikhil Hospitals,"Dilsukhnagar, Hyderabad",2,100
1137,Max Superspeciality Hospital,"Shalimar Bagh, Delhi",2,300
1138,Cure Multispeciality Hospital,"Padmarao Nagar, Hyderabad",2,10
1139,Hyderabad Women And Children Hospital,"Mallepally, Hyderabad",2,2
1140,Orient Eye Hospital,"Mehdipatnam, Hyderabad",2,5
1141,Tomar Medical Centre,"Janak Puri, Delhi",2,18
1142,Thatha Hospital,"Kapra, Hyderabad",2,100
1143,Puranik Hospital,"Malad West, Mumbai",1,10
1144,KLS Memorial Hospital,"Vileparle West, Mumbai",1,5
1145,Apollo Hospitals,"Jubilee Hills, Hyderabad",1,550
1146,Dr. Karvir's Pruthvi Hospital & Endoscopy Center,"Palghar, Mumbai",1,10
1147,Shree ENT Nursing Home,"Vileparle East, Mumbai",1,5
1148,Agarwal Nursing Home,"Tri Nagar, Delhi",1,10
1149,Sanchet Hospital ,"Paschim Vihar, Delhi",1,20
1150,Atharva Hospital,"Kandivali East, Mumbai",1,15
1151,Patni Hospital,"Goregaon, Mumbai",1,15
1152,Rushabh Eye Hospital & Laser Centre Pvt. Ltd.,"Chembur, Mumbai",1,10
1153,Dr. Dipti's physiotherapy centre,"Mira Road, Mumbai",1,20
1154,Krishnadeep Hospital,"Nalasopara West, Mumbai",1,4
1155,Cygnus MLS Superspecility Hospital,"Ram Vihar, Delhi",1,51
1156,Mahavir Nursing Home,"Govandi, Mumbai",1,20
1157,Agarwal Nursing Home,"Bandra West, Mumbai",1,9
1158,Santrupti Hospital And Maternity Care,"Chunabhatti, Mumbai",1,8
1159,Sadhu Kamal Eye Hospital,"Lamington Road, Mumbai",1,2
1160,Shobhana Hospital,"Bhayandar East, Mumbai",1,11
1161,SRV Hospital,"Goregaon West, Mumbai",1,45
1162,Amrut Nursing Home,"Ghatkopar West, Mumbai",1,15
1163,Govandi Nursing Home,"Govandi, Mumbai",1,12
1164,Dr Tambe's Children Hospital,"Vikhroli East, Mumbai",1,9
1165,Shree Jeewan Hospital,"Karol Bagh, Delhi",1,52
1166,Central Hospital,"Sakinaka, Mumbai",1,20
1167,SHREEDHAR HOSPITAL,"Dadar, Mumbai",1,6
1168,V Care Hospital and ICU,"Kurla East, Mumbai",1,17
1169,Gambhir Hospital,"Rajouri Garden, Delhi",1,20
1170,Seven Star Multispeciality Hospital,"Kandivali East, Mumbai",1,100
1171,Le Nest Hospital,"Malad West, Mumbai",1,15
1172,Prasad Eye Hospital,"Koramangala, Bangalore",1,2
1173,Siddanth Hospital ENT & Multispeciality Centre,"Siddapura, Bangalore",1,10
1174,Saidhan Eye Hospital ,"Mulund East, Mumbai",1,4
1175,Atharva Hospital & Research Center,"Sion East, Mumbai",1,20
1176,Durga Nursing Home,"Andheri East, Mumbai",1,16
1177,Orbit Eye Hospital,"Jogeshwari, Mumbai",1,25
1178,Apollo Spectra Hospitals,"Karol Bagh, Delhi",1,25
1179,Dr Bharti Nursing Home,"Delhi, Delhi",1,4
1180,Desai Hospital & Maternity Centre,"Dadar West, Mumbai",1,10
1181,Punya Hospital,"Basaveshwaranagar, Bangalore",1,60
1182,Ayush Hospital,"Kandivali, Mumbai",1,13
1183,Asmira Hospital,"Sakinaka, Mumbai",1,10
1184,Lotus Multi Speciality Hospital,"Bhandup West, Mumbai",1,15
1185,Shruti Nursing Home,"Bandra, Mumbai",1,11
1186,Riddhi Vinayak Hospital,"Malad West, Mumbai",1,60
1187,Sun Orthopaedic Hospital,"Mathikere - BEL, Bangalore",1,20
1188,Nirmala Hospital,"Mahalaxmi, Mumbai",1,27
1189,Regent Hospital,"Mira Road, Mumbai",1,50
1190,Lotus Multispecialty Hospital,"Borivali West, Mumbai",1,25
1191,Cansure Centre,"Mulund West, Mumbai",1,17
1192,Columbia Asia Hospital,"Yeshwanthpur, Bangalore",1,160
1193,Shreeji Kripa Nursing Home,"Borivali, Mumbai",1,8
1194,Bhavna Maternity & Nursing Home,"Ghatkopar West, Mumbai",1,5
1195,Shyam Hospital,"Delhi, Delhi",1,25
1196,Asian Institute Of Nephrology & Urology,"Somajiguda, Hyderabad",1,100
1197,Leela Hospital,"Moti Nagar, Hyderabad",1,20
1198,Rathod Orthopaedic Hospital,"Borivali West, Mumbai",1,5
1199,Sai Krupa Multi Speciality Dental Care Hospital,"Basaveshwaranagar, Bangalore",1,5
1200,Sangita Maternity Surgical & Diagnostic Centre,"Andheri West, Mumbai",1,15
1201,MGA Hospital,"Marathahalli, Bangalore",1,15
1202,Nefrons Hospital,"Mulund West, Mumbai",1,10
1203,Shilpa Nursing Home,"Miyapur, Hyderabad",1,15
1204,Kanchi Nursing Home,"Goregaon East, Mumbai",1,16
1205,Ashwini Nursing Home & IVF Centre,"Dadar East, Mumbai",1,6
1206,RLKC Hospital & Metro Heart Institute,"Pandav Nagar, Delhi",1,102
1207,Max Super Speciality Hospital,"Patparganj, Delhi",1,50
1208,Metro Hospitals & Heart Institute,"Lajpat Nagar, Delhi",1,50
1209,Suvidha Hospital & Polyclinic,"Goregaon West, Mumbai",1,15
1210,Manisha's Sparshad Nursing Home,"Bhandup, Mumbai",1,15
1211,Manas Eye Hospital,"Moti Nagar, Hyderabad",1,15
1212,Bilva Hospital,"Malleswaram, Bangalore",1,34
1213,Harish Nursing Home,"Lower Parel, Mumbai",1,9
1214,Lakshmi Nursing Home,"Mulund West, Mumbai",1,18
1215,Shri Ram Singh Hospital & Heart Institute,"Krishna Nagar, Delhi",1,104
1216,Riddhi Nursing Home,"Borivali West, Mumbai",1,8
1217,Sanjeevani Maternity,"Mira Road, Mumbai",1,10
1218,Dr. Sherekar's Hospital,"Santacruz, Mumbai",1,10
1219,Hyderabad Multispeciality Hospital,"Malakpet, Hyderabad",1,60
1220,Globus Hospital,"Nalasopara East, Mumbai",1,23
1221,Sai Ganga Hospital,"Bhayandar East, Mumbai",1,20
1222,Ruby Hospital,"Jogeshwari West, Mumbai",1,26
1223,Lifecare Hospital,"Kandivali East, Mumbai",1,18
1224,Lion Kartar Singh Hospital,"Andheri West, Mumbai",1,20
1225,Jayashree Nurshing Home,"Kandivali West, Mumbai",1,10
1226,Paramitha Children Hospital,"Dilsukhnagar, Hyderabad",1,100
1227,World Gastroenterology Institute,"Andheri West, Mumbai",1,30
1228,Nova ENT Hospital,"Somajiguda, Hyderabad",1,30
1229,Dr Chaudhry's Moral Hospital Pvt.Ltd,"Yamuna Vihar, Delhi",1,12
1230,Sukhmani Hospital,"Safdarjung Enclave, Delhi",1,30
1231,Disha Hospital,"Ghatkopar West, Mumbai",1,5
1232,Venus Hospital,"Malakpet, Hyderabad",1,100
1233,S V Pooja Hospital,"Hyder Nagar, Hyderabad",1,50
1234,Bhavsar Nursing Home & ICCU,"Bhandup West, Mumbai",1,25
1235,Batra Hospital & Medical Research Centre,"Tuglakabad, Delhi",1,495
1236,Hope The Nursing Home,"Grant Road, Mumbai",1,18
1237,Eye7 Chaudhary Eye Centre,"Darya Ganj, Delhi",1,20
1238,Cumballa Hill Hospital and Heart Institute,"Kemps Corner, Mumbai",1,51
1239,Zen Multispeciality Hospital,"Chembur, Mumbai",1,110
1240,Womens Hospital,"Andheri West, Mumbai",1,12
1241,Ring Road Hospital,"Banashankari, Bangalore",1,10
1242,Apollo Spectra Hospitals,"Tardeo, Mumbai",1,50
1243,Rockland Hospital,"Qutab Institutional Area, Delhi",1,301
1244,BSR ENT And Eye Hospital,"Secunderabad, Hyderabad",1,10
1245,Matushree Hospital,"Kandivali West, Mumbai",1,14
1246,Dr. Vaidya Eye Hospital,"Andheri West, Mumbai",1,20
1247,Apollo Hospital - Sowcarpet,"Sowcarpet, Chennai",1,22
1248,L C Manek Polyclinic And Nursing Home,"Chembur East, Mumbai",1,11
1249,Aashirwad Hospital,"Andheri West, Mumbai",1,6
1250,Raj Retina & Eye Care Centre,"Patna, Patna",1,5
1251,Malhotra Nursing Home,"Mayur Vihar Ph-II, Delhi",1,3
1252,Oshodhara Mother and Child Hospital Pvt Ltd,"Kankarbagh, Patna",1,20
1253,Waltair Multicare Hospital,"Waltair R S, Visakhapatnam",1,5
1254,Talasila Super Speciality Dental Hospital,"Gajuwaka, Visakhapatnam",1,5
1255,Diavisita Diabetes & Multispeciality Hospital,"Banashankari 3rd Stage, Bangalore",1,50
1256,Supra South City Hospital,"JP Nagar 7 Phase, Bangalore",1,25
1257,Mazumdar Shaw Medical Center,"Anekal, Bangalore",1,1200
1258,Anupama Hospital,"KPHB, Hyderabad",1,10
1259,Sai Vinayak Dental Hospital,"Shalimar Bagh, Delhi",1,2
1260,Muskaan Hospital,"Rohini, Delhi",1,50
1261,Prashanti Nursing Home,"Rohini, Delhi",1,6
1262,CHL Hospital,"LIG Colony, Indore",1,250
1263,Sukhija Nursing Home,"Vivek Vihar, Delhi",1,5
1264,Muskaan Hospital,"Shahdara, Delhi",1,16
1265,Netra Eye Hospital,"Uttam Nagar, Delhi",1,5
1266,Ortho World,"Kankarbagh, Patna",1,50
1267,Karuna Hospital ,"Dilshad Garden, Delhi",1,20
1268,Dhanraj Hospital,"Mahanagar, Lucknow",1,10
1269,Jai Nar Hospital,"Meera Bagh, Delhi",1,10
1270,Medox Hospital,"Jankipuram, Lucknow",1,40
1271,Adarsh Hospital and welfare center,"Ashiyana, Lucknow",1,15
1272,Adarsh Hospital,"Jankipuram Extension, Lucknow",1,25
1273,St. Joseph's Hospital,"Gomtinagar, Lucknow",1,180
1274,Jhamb Medical and Maternity Centre,"Shalimar Bagh, Delhi",1,7
1275,Neera Hospital,"Mahanagar, Lucknow",1,160
1276,Life Care Hospital,"Sector-c Sitapur Rd, Lucknow",1,10
1277,Devishiv Hospital,"Mahanagar, Lucknow",1,25
1278,Raghvansh Hospital,"Kalyanpur, Lucknow",1,5
1279,Gomti Hospital & Maternity Centre,"Chowk, Lucknow",1,10
1280,Pooja Nursing Home,"Paharpur, Lucknow",1,10
1281,Magadh Hospita,"Delhi, Delhi",1,5
1282,Health Point Hospital,"Thakurganj, Lucknow",1,15
1283,Ashadeep Hospital,"Vijay Nagar, Indore",1,25
1284,One Centre for Gynaecological Excellence,"Vijay Nagar, Indore",1,10
1285,Medanta Superspeciality Hospital,"Vijay Nagar, Indore",1,150
1286,Apurva Hospital,"Delhi, Delhi",1,25
1287,Life Care Hospital,"Sector 61, Noida",1,50
1288,Tripathi Hospital,"Sector 119, Noida",1,50
1289,IndoGulf Hospital & Diagnostics,"Sector 19, Noida",1,50
1290,Jaypee Hospital,"Sector 128, Noida",1,1200
1291,SJM Super Speciality Hospital,"Sector 63, Noida",1,125
1292,Prayag Hospital,"Sector 41, Noida",1,35
1293,MITR Hospitals,"Sector 35, Noida",1,100
1294,Amrapali Hospital,"Greater Noida, Noida",1,100
1295,Metro Hospitals & Heart Institute,"Sector 12, Noida",1,110
1296,Satya Medical Centre,"Sector 34, Noida",1,50
1297,Felix Hospital,"Sector 137, Noida",1,150
1298,Vinayak Hospital,"Sector 27, Noida",1,50
1299,Sharma Medicare Hospital,"Greater Noida, Noida",1,120
1300,Manas Hospital,"Sector 34, Noida",1,82
1301,Max Smart Super Speciality Hospital,"Saket, Delhi",1,10
1302,Tyagi hospital,"Dilshad Garden, Delhi",1,20
1303,Netra Eye Hospital,"Dwarka, Delhi",1,2
1304,Khetarpal Hospital,"Bali Nagar, Delhi",1,60
1305,Sanjay Global Hospital,"Jahangirpuri, Delhi",1,4
1306,Davita Care India Pvt Ltd,"Chanakyapuri, Delhi",1,20
1307,Metro Multispeciality Hospital,"Sector 11, Noida",1,207
1308,Mahajan Hospital,"Adarsh Nagar, Delhi",1,10
1309,K K HOSPITAL,"Peeragarhi, Delhi",1,10
1310,Surbhi Hospital,"Sector 35, Noida",1,200
1311,Adarsh Hospital,"Rohini Sector 24, Delhi",1,16
1312,Green City Hospital,"Greater Noida, Noida",1,50
1313,Ganapati Hospital And Maternity Center,"Sector 108, Noida",1,5
1314,Jaypee Hospital,"Greater Noida West, Noida",1,50
1315,Dr. Akash Garg Clinic,"Sector 22, Noida",1,34
1316,J S Hospital,"Sector 135, Noida",1,100
1317,Yatharth Wellness Superspeciality Hospital,"Sector 110, Noida",1,340
1318,Max Multispeciality Hospital,"Greater Noida, Noida",1,114
1319,Rajendra Nagar Hospital,"Rajendranagar, Lucknow",1,13
1320,Radius Joint Surgery Hospital,"Gomtinagar, Lucknow",1,25
1321,Ankur Hospital,"Varachha Road, Surat",1,8
1322,Dr. Jivraj Mehta Smarak Health Foundation,"Vasna, Ahmedabad",1,220
1323,Eswar Eye Hospital,"Kukatpally, Hyderabad",1,10
1324,Saptagiri Hospital,"Chaitanyapuri, Hyderabad",1,50
1325,Asha Hospital,"Banjara Hills, Hyderabad",1,200
1326,Swasthik Hospital,"Tilak Nagar, Delhi",1,20
1327,Lifeline Multi Speciality Hospital,"Gota, Ahmedabad",1,20
1328,Shilp Hospital,"Paldi, Ahmedabad",1,10
1329,Uma Multispeciality Hospital,"Naroda, Ahmedabad",1,18
1330,Blk Super Speciality Hospital,"Rajendra Nagar, Delhi",1,650
1331,CP Vet Hospital,"Delhi, Delhi",1,2
1332,Akshar Multispeciality Hospital,"Vastral, Ahmedabad",1,15
1333,CIMS Hospital,"Sola, Ahmedabad",1,372
1334,Vraj Psychiatry Hospital,"Sabarmati, Ahmedabad",1,5
1335,Pavan Nursing Home,"Laxmi Nagar, Delhi",1,20
1336,Nova IVI Fertility,"Navrangpura, Ahmedabad",1,15
1337,Pramukh Swami Eye Hospital,"Matunga, Mumbai",1,25
1338,Saikrupa Hospital For Women & Surgical Center,"Vijayanagar, Bangalore",1,20
1339,Cygnus Sonia Hospital,"Nangloi, Delhi",1,70
1340,CEDS Eye Hospital,"Bandra West, Mumbai",1,4
1341,Dr. Gandhi Nursing Home,"Dadar, Mumbai",1,15
1342,Lotus hospital,"Govandi, Mumbai",1,18
1343,Mandar Nursing Home,"Bandra West, Mumbai",1,9
1344,Vikas Nursing Home,"Govandi, Mumbai",1,21
1345,Sadguru Hospital,"Goregaon West, Mumbai",1,15
1346,Om Shanti Nursing Home,"Vikhroli East, Mumbai",1,7
1347,Samadhan Hospital,"Sion West, Mumbai",1,4
1348,Sukhda Hospital,"Greater Kailash Part 1, Delhi",1,25
1349,Dr. Pukale Maternity and Nursing Home,"Bhandup West, Mumbai",1,9
1350,Shree Surgical and General Nursing Home,"Vileparle East, Mumbai",1,8
1351,Dr. J. M. Purandare Hospital,"Shivaji Park, Mumbai",1,20
1352,"Dr Ashvith Shetty's Clinic, Hiranandani hospital","Powai, Mumbai",1,240
1353,Orbit Hospital,"Mulund East, Mumbai",1,12
1354,Sujay Hospital And Research Center,"Juhu, Mumbai",1,30
1355,Devasya Kidney Hospital,"Nava Vadaj, Ahmedabad",1,50
1356,Ahmedabad Piles Fistula Hospital,"Paldi, Ahmedabad",1,10
1357, Vivek Children Hospital,"L.P. Savani, Surat",1,21
1358,Nihar Hospital,"Adajan Dn, Surat",1,15
1359,Shree Pandav Multispeciality Hospital,"Amroli, Surat",1,15
1360,Laxmi nursing Home,"Rohini, Delhi",1,20
1361,Dr. Batra's Diagnostic Centre at Neptune Hospital,"Malviya Nagar, Delhi",1,10
1362,Hans Charitable Hospital,"GTB Nagar, Delhi",1,50
1363,Eva Hospital,"Adajan Dn, Surat",1,15
1364,Desai's Orthopaedic Hospital,"Adajan Dn, Surat",1,16
1365,Om Imaging Centre & E.N.T Hospital,"Amroli, Surat",1,5
1366,Mahajan Children Hospital & Nursing Home,"Uttam Nagar, Delhi",1,8
1367,Khushi Hospital,"Godadara, Surat",1,14
1368,Savani Surgical Hospital,"Varachha Road, Surat",1,15
1369,Unique Hospitals,"Udhna, Surat",1,100
1370,ISIS Hospital,"Kailash Colony, Delhi",1,12
1371,Shree Nandan Eye Hospital,"Varachha Road, Surat",1,6
1372,Max Hospital,"Godadara, Surat",1,20
1373,Care Medical Centre,"Pahar Ganj, Delhi",1,5
1374,Springdales Hospital,"Rohini, Delhi",1,25
1375,Udhna Hospital Pvt. Ltd.,"Udhna, Surat",1,40
1376,Welcare Hospital,"Palanpur Nd, Surat",1,15
1377,Vatsalya Hospital,"Parvat, Surat",1,24
1378,Nandanvan Surgical Hospital,"Varachha Road, Surat",1,15
1379,Aamanya Hospital,"Adajan Dn, Surat",1,15
1380,Matruvarsha Hospital,"Mandvi SR, Surat",1,15
1381,Foram Hospital,"Rander, Surat",1,16
1382,Shreeji Clinic & Nursing Home,"Sachin, Surat",1,15
1383,Sriji Hospital,"Adajan Dn, Surat",1,16
1384,Aarushi Orthopaedic Hospital,"Amroli, Surat",1,15
1385,Maatre Hospital,"L.P. Savani, Surat",1,15
1386,Sai Medical Hospital And Maternity Home,"L.P. Savani, Surat",1,15
1387,Abhidhara Hospital,"Amroli, Surat",1,15
1388,RG Stone Urology And Laparoscopy Hospital,"Karkardooma, Delhi",1,30
1389,Mayya Maternity Hospital,"Amroli, Surat",1,10
1390,Tirath Ram Hospital,"Delhi, Delhi",1,30
1391,Platinum Hospital,"Mulund East, Mumbai",1,100
1392,Sakthi Hospital,"Royapuram, Chennai",1,5
1393,Pikale Hospital,"Mahim, Mumbai",1,10
1394,The Deccan Hospital,"Somajiguda, Hyderabad",1,200
1395,Woodlands Hospital,"Barkatpura, Hyderabad",1,100
1396,Add Life Hospitals,"Kukatpally, Hyderabad",1,15
1397,Birthright By Rainbow,"Hyder Nagar, Hyderabad",1,80
1398,SKS Hospital,"Mogappair East, Chennai",1,10
1399,Apollo Hospital,"Hyderguda, Hyderabad",1,200
1400,Rainbow Children's Hospital,"Banjara Hills, Hyderabad",1,70
1401,American Oncology Institute,"Lingampally, Hyderabad",1,50
1402,OMNI Hospitals,"Kukatpally, Hyderabad",1,150
1403,Birthright By Rainbow,"Vikrampuri Colony, Hyderabad",1,60
1404,Vasan Eye Care Hospital,"Mogappair West, Chennai",1,10
1405,Suraj Hospital,"Market Yard, Pune",1,15
1406,Sudha Nursing Home,"Safilguda, Hyderabad",1,25
1407,Medisys Hospitals,"LB Nagar, Hyderabad",1,250
1408,Dr. Karne Accident And Orthopedic Hospital,"Swargate, Pune",1,23
1409,Kelkar Nursing Home,"Deccan Gymkhana, Pune",1,4
1410,Usha Hospital,"Hadapsar, Pune",1,8
1411,Shreeyash Multispeciality Hospital,"Sinhagad Road, Pune",1,20
1412,Seha Hospital,"Lakdikapul, Hyderabad",1,10
1413,Indo US Diabetes Research Center & Multi Specialty Hospital,"Malakpet, Hyderabad",1,140
1414,Srinivasa Hospital,"Narayanguda, Hyderabad",1,100
1415,Ayanavaram Hospital,"Ayanavaram, Chennai",1,25
1416,Kensington Hospital - Kilpauk,"Kilpauk, Chennai",1,3
1417,Pune Netralaya,"Aundh, Pune",1,1
1418,Nikhil Hospitals,"Srinagar Colony, Hyderabad",1,50
1419,Rajan Eye Care Hospital Pvt Ltd,"T Nagar, Chennai",1,30
1420,Cloudnine Hospital,"T Nagar, Chennai",1,150
1421,Sunitha Children's Hospital,"Sagar Road, Hyderabad",1,50
1422,Nirmals' Eye Hospital,"Tambaram West, Chennai",1,21
1423,MaxCure Suyosha Woman & Child Hospital,"Hitech City, Hyderabad",1,100
1424,Ramya Nursing Home,"Old Bowenpally, Hyderabad",1,15
1425,Vijayam Hospital and Fertility Centre,"Keelkattalai, Chennai",1,25
1426,Murugan Hospitals,"Kilpauk, Chennai",1,50
1427,VS Hospitals - Advanced Cancer Care,"Chetpet, Chennai",1,50
1428,KKR ENT Super Speciality Hospital,"Maduravoyal, Chennai",1,5
1429,Dr. N. Usha Chaderghat Hospital,"Malakpet, Hyderabad",1,50
1430,Prakasah Netralaya,"Kothrud, Pune",1,2
1431,Sri Venkateswara Ayurvedic Hospital,"Yousufguda, Hyderabad",1,10
1432,Eden Hospital,"Industrial Area Phase I, Chandigarh",1,100
1433,Dr. More's Children Hospital,"Pimple Gurav, Pune",1,15
1434,Kamineni Hospitals,"King Koti, Hyderabad",1,150
1435,Vasan Eye Care Hospital - Triplicane,"Triplicane, Chennai",1,10
1436,Kamat Hospital,"Chinchwad, Pune",1,50
1437,Swapna Hospital,"Dilsukhnagar, Hyderabad",1,59
1438,Shree Hospital,"Nagar Road, Pune",1,25
1439,C T Hospital,"Dhanori, Pune",1,30
1440,Inamdar Hospital,"NIBM, Pune",1,15
1441,Hope Clinic Maternity Centre,"Sector 21, Chandigarh",1,7
1442,Vasan Eye Care Hospital,"Kilpauk, Chennai",1,10
1443,Dr. R G Ghatnekars - Kasturba General Hospital,"Vishrantwadi, Pune",1,40
1444,Grover Eye Laser & ENT Hospital,"Sector 35, Chandigarh",1,50
1445,Sant Sopandev Hospital and Criticare Centre,"Saswad, Pune",1,25
1446,Tongaonkar Hospital,"Akurdi, Pune",1,20
1447,Vasan Eye Care Hospital - Anna Nagar,"Anna Nagar East, Chennai",1,10
1448,Karunya Hospital,"Medavakkam, Chennai",1,1
1449,Mayur Hospital,"Chinchwad, Pune",1,15
1450,SKS Pet Hospital,"Neelankarai, Chennai",1,2
1451,Modern Hospital,"Nana Peth, Pune",1,15
1452,Dr. Ratnadeep's Dental Hospital,"Nigdi, Pune",1,20
1453,Remedy Hospital,"Hadapsar, Pune",1,35
1454,Siddhant Maternity Home,"Satara Road, Pune",1,5
1455,Sai Shree Hospital,"Aundh, Pune",1,40
1456,Hyderabad Urology And Andrology Center,"Kothapet, Hyderabad",1,25
1457,Medway Hospital,"Adyar, Chennai",1,10
1458,Amrutha Hospital,"Vidyanagar, Hyderabad",1,10
1459,Gnadhi Nursing Home,"Nigdi, Pune",1,18
1460,Vasan Eye Care Hospital,"Valasaravakkam, Chennai",1,10
1461,Lokmanya Multi Speciality Hospital,"Chinchwad, Pune",1,103
1462,Vasan Eye Care Hospital - Vadapalani,"Vadapalani, Chennai",1,10
1463,Swaram Hospital Navalur,"Navalur Place, Chennai",1,30
1464,Hande Hospital,"Shenoy Nagar, Chennai",1,20
1465,Mamatha Hospital,"Sanjay Nagar, Bangalore",1,10
1466,15 Bases Hospital,"Hayathnagar, Hyderabad",1,15
1467,K.G Hospital,"West Marredpally, Hyderabad",1,15
1468,Padma Hospital,"Miyapur, Hyderabad",1,35
1469,Dr. Agarwal's Eye Hospital,"Himayat Nagar, Hyderabad",1,20
1470,Ambaa Hospitals,"Langer House, Hyderabad",1,25
1471,Metro Hospital,"Nizampet, Hyderabad",1,20
1472,Good Care Nursing Home,"Borabanda, Hyderabad",1,5
1473,Shadow Hospitals,"Hayathnagar, Hyderabad",1,20
1474,Sri Maruthi Hospital,"Kanchanbagh, Hyderabad",1,15
1475,My Nation Ayurvedic Village,"Chanchalguda, Hyderabad",1,20
1476,Tayeba Maternity Hospital,"Red Hills, Hyderabad",1,10
1477,Maa ENT Hospital,"Kothapet, Hyderabad",1,5
1478,Zoi Hospitals,"Attapur, Hyderabad",1,50
1479,The Specialists Clinic And Hospital,"KK Nagar, Chennai",1,10
1480,K H Nursing Home,"Chromepet, Chennai",1,15
1481,Cure Hospital,"Old Bowenpally, Hyderabad",1,35
1482,Vijay Krishna Nursing Home,"Sanath Nagar, Hyderabad",1,15
1483,Gareeb Nawaz Hospital,"Falaknuma, Hyderabad",1,10
1484,Maxi Vision Super Speciality Eye Hospital,"Begumpet, Hyderabad",1,20
1485,Jeevan Hospital,"Karmanghat, Hyderabad",1,40
1486,ApoKos Rehabilitation Hospital,"Jubilee Hills, Hyderabad",1,70
1487,Maxivision Super Speciality Eye Hospital,"AS Rao Nagar, Hyderabad",1,2
1488,Pratibha Maternity and ENT Hospital,"Trimulgherry, Hyderabad",1,15
1489,Dr.Ahmed's Ayurvedic Hospital,"Manikonda, Hyderabad",1,5
1490,Vijaya Multispeciality Hospital,"Secunderabad, Hyderabad",1,100
1491,Ohm Nursing Home,"Nacharam, Hyderabad",1,7
1492,Asia Hospital,"Old City, Hyderabad",1,6
1493,Shruti Hospital,"Old City, Hyderabad",1,10
1494,Vijay Hospital and Diagnostic Centre,"Chanda Nagar, Hyderabad",1,20
1495,Himabindu Multispeciality Hospital,"Sagar Road, Hyderabad",1,50
1496,Chanchalguda Hospital,"Chanchalguda, Hyderabad",1,15
1497,Maa ENT Hospital,"Malkajgiri, Hyderabad",1,2
1498,Curewell Hospital,"Lakdikapul, Hyderabad",1,12
1499,Aparna Maternity and General Clinic,"Nagole, Hyderabad",1,10
1500,Ratna Maternity & Nursing Home ,"Saidabad, Hyderabad",1,20
1501,ACE Hospital,"Erandwane, Pune",1,40
1502,Sterling Super Speciality Hospitals,"Trimulgherry, Hyderabad",1,150
1503,Nova IVI Fertility,"Raja Annamalai Puram, Chennai",1,10
1504,Pavithra Hospital,"Old Bowenpally, Hyderabad",1,20
1505,Shashwat Hospital,"Kothrud, Pune",1,30
1506,Huma Hospital,"Yakutpura, Hyderabad",1,20
1507,Vs Hospitals - Multi Speciality,"Chetpet, Chennai",1,50
1508,Lotus Multispeciality Hospital,"Pimple Saudagar, Pune",1,40
1509,Supraja Hospitals,"Nagole, Hyderabad",1,100
1510,Gupta Hospital,"Old City, Hyderabad",1,22
1511,Harsh Hospital,"Market Yard, Pune",1,15
1512,Win Vision Eye Hospitals,"Begumpet, Hyderabad",1,10
1513,Visa Hospital - T Nagar,"T Nagar, Chennai",1,5
1514,Rathna Nursing Home,"Triplicane, Chennai",1,15
1515,Freedom Multi Speciality And Chest Hospital,"LB Nagar, Hyderabad",1,15
1516,Kedarnath General Hospital,"Vishrantwadi, Pune",1,24
1517,Sankara Kidney Hospital,"Pallavaram, Chennai",1,50
1518,Rakshitha Hospital,"Dilsukhnagar, Hyderabad",1,50
1519,Metro Hospital,"Nizampet, Hyderabad",1,50
1520,Maa ENT Hospital,"Balanagar, Hyderabad",1,4
1521,JANANII HOSPITAL,"Ramanthapur, Hyderabad",1,15
1522,Charnock Hospital,"Teghoria, Kolkata",1,5
1523,Amri Hospitals,"Salt Lake, Kolkata",1,210
1524,Sundari Maternity and General Hospital,"Alwal, Hyderabad",1,25
1525,Lakshmi Ayurveda Hospital,"Vanasthalipuram, Hyderabad",1,5
1526,Shreya Hospital,"Borabanda, Hyderabad",1,20
1527,Citi Neuro Centre,"Banjara Hills, Hyderabad",1,60
1528,Eswar Medical Foundation,"Kolathur, Chennai",1,35
1529,Dr Mohans Diabetes Specialities Centre,"Jubilee Hills, Hyderabad",1,16
1530,Sarvani Hospital,"Santosh Nagar, Hyderabad",1,20
1531,KGH Hospital,"Dilsukhnagar, Hyderabad",1,50
1532,Nichani Hosptial,"Royapuram, Chennai",1,50
1533,SKS Pet Hospital,"Kottivakkam, Chennai",1,2
1534,Mansoor Childrens Hospital,"Mallepally, Hyderabad",1,5
1535,Colony Nursing Home,"Navi Peth, Pune",1,100
1536,Doctor Square Multispeciality Hospital,"Zirakpur, Chandigarh",1,10
1537,Vasan Eye Care Hospital,"Washermenpet, Chennai",1,10
1538,Shree Samarth Nursing Home,"Matunga, Mumbai",1,18
1539,St. Theresa Hospital,"Erragadda, Hyderabad",1,150
1540,Neelima Hospital,"Erragadda, Hyderabad",1,70
1541,Cure n Care Hospital,"Horamavu, Bangalore",1,20
1542,Sundar Eye Hospital,"Anna Nagar, Chennai",1,20
1543,Pralaksha Hospital,"Hosur Road, Bangalore",1,35
1544,Koncept Hospitals,"Kodambakkam, Chennai",1,5
1545,Apollo Cradle,"Koramangala 6 Block, Bangalore",1,15
1546,Subbiah Hospital,"Mathikere - BEL, Bangalore",1,24
1547,Cure Hospital ,"RT Nagar, Bangalore",1,15
1548,NU Hospitals,"Padmanabhanagar, Bangalore",1,62
1549,Sai Bharadwaja Advanced Ayurveda Hospital,"Erragadda, Hyderabad",1,10
1550,Lakshmi Maternity & Surgical  Centre,"Malleswaram, Bangalore",1,40
1551,Health India Hospital,"Tavarekere, Bangalore",1,50
1552,Geetha Hospital ,"Avalahalli, Bangalore",1,6
1553,Vasan Eye Care Hospital - Madhavaram,"Madhavaram, Chennai",1,10
1554,Apollo Cradle Women's Hospital,"Thousand Lights, Chennai",1,50
1555,M.V. Centre For Diabetes,"Velachery, Chennai",1,2
1556,Mathru Multispecialty Hospital,"Kanakpura Road, Bangalore",1,35
1557,Shree Krishna Hospital,"Borivali East, Mumbai",1,21
1558,HCG Hospital,"Mylapore, Chennai",1,50
1559,Prakruthi Veterinary Hospital,"Banashankari, Bangalore",1,2
1560,S.S.Eye Hospital.,"Mannady, Chennai",1,10
1561,Dr. Jonwal's Niramay Ayush Panchkarm Health Institute & Research Hospital,"Kandivali West, Mumbai",1,15
1562,Omega Multispeciality Hospital,"Yelahanka New Town, Bangalore",1,40
1563,V Care Hospital,"Pallikaranai, Chennai",1,10
1564,S.R Hospitals,"Ashok Nagar, Chennai",1,20
1565,Miracle Advanced Reproductive Centre,"Kilpauk, Chennai",1,5
1566,Siva Eye Hospital,"Dilsukhnagar, Hyderabad",1,10
1567,Anugraha Nursing Home,"Malleswaram, Bangalore",1,15
1568,Trupthi Nursing Home,"Basaveshwaranagar, Bangalore",1,10
1569,New National Hospital,"Santosh Nagar, Hyderabad",1,10
1570,Vee Care Dental,"Kottivakkam, Chennai",1,20
1571,New Noor Hospital,"Kurla West, Mumbai",1,5
1572,Ankura Children's Hospital,"Madinaguda, Hyderabad",1,50
1573,Sri Siridhi Said Baba Charitable Hospital,"Ulsoor, Bangalore",1,50
1574,Apex Multi Speciality Hospital ,"Sakinaka, Mumbai",1,18
1575,"Radiant Hospital - Institute of Mental Health, Addiction & Rehabilitation","Banjara Hills, Hyderabad",1,20
1576,Ramani Hospital,"Ashok Nagar, Chennai",1,7
1577,Sri Sai K R S Hospital,"Ashok Nagar, Chennai",1,10
1578,Ruby Hospital - A Venture of Arogyam Hospital,"Bhandup West, Mumbai",1,15
1579,Cloudnine Hospital,"Old Airport Road, Bangalore",1,50
1580,Parakh Hospital,"Ghatkopar, Mumbai",1,80
1581,Zenith Hospital,"Malad, Mumbai",1,100
1582,Padhuvai Hospital,"Madipakkam, Chennai",1,10
1583,Mehta International Eye Institute,"Colaba, Mumbai",1,3
1584,Micro Care Skin and ENT Hospital,"Jubilee Hills, Hyderabad",1,5
1585,Shah Nursing Home ,"Matunga, Mumbai",1,8
1586,Cloudnine Clinic,"Brookefield, Bangalore",1,4
1587,Apex Hospital,"Naraina Vihar, Delhi",1,25
1588,Matthew Hospital,"HSR Layout, Bangalore",1,10
1589,Devi Eye Hospital,"HSR Layout, Bangalore",1,5
1590,GARDEN CITY HOSPITAL,"Jayanagar 3 Block, Bangalore",1,50
1591,Vijaya Marie Hospital,"Attapur, Hyderabad",1,6
1592,Speciality ENT Hospital,"Kandivali East, Mumbai",1,4
1593,Fortis Hospital,"Bannerghatta Road, Bangalore",1,400
1594,Rajan Eye Care Hospital,"Adyar, Chennai",1,2
1595,Marvel Multispeciality Hospital,"Koramangala 1 Block, Bangalore",1,50
1596,City Hospital-kurla,"Kurla West, Mumbai",1,50
1597,R C Hospital,"Rajarajeshwarinagar, Bangalore",1,20
1598,Vagus Superspeciality Hospital,"Malleswaram, Bangalore",1,150
1599,People Tree Hospitals at Chris,"Kalyan Nagar, Bangalore",1,100
1600,Sree Maruthi Nursing Home,"West Marredpally, Hyderabad",1,50
1601,Samartha Hospital,"Mira Road, Mumbai",1,10
1602,Pandya Surgical & Maternity Hospital,"Borivali, Mumbai",1,8
1603,DR A S Rao Nagar Nursing Home,"AS Rao Nagar, Hyderabad",1,20
1604,Excel ENT Hospital,"Ghatkopar East, Mumbai",1,3
1605,Sri Santosh Hospital,"AS Rao Nagar, Hyderabad",1,50
1606,ARK Hospital,"Andheri West, Mumbai",1,20
1607,Saraswati Hospital,"Thiruvottiyur, Chennai",1,7
1608,Chamundi Hospital,"Madiwala, Bangalore",1,10
1609,Raghavendra People Tree Hospital,"T Dasarahalli, Bangalore",1,100
1610,Suyash Hospital,"Kothrud, Pune",1,15
1611,Bhagirathi Children's Hospital,"Karve Nagar, Pune",1,18
1612,Ashtvinayak Hospital,"Moshi, Pune",1,50
1613,Shree Anand Memorial Hospital,"Thergaon, Pune",1,8
1614,Dr. Sunil Ugile's Piles Clinic(Ashutosh Hospital),"Kalewadi, Pune",1,5
1615,Deccan Multispeciality Hardikar Hospital,"Shivaji Nagar, Pune",1,80
1616,Siddhi Health Care Center,"Sangavi, Pune",1,50
1617,Indira Maternity Home,"JM Road, Pune",1,4
1618,C T Hospital,"Thergaon, Pune",1,10
1619,Astha Hospital,"Chikhali, Pune",1,30
1620,Prachiti Hospital & Research Centre,"Sinhagad Road, Pune",1,10
1621,Atharva Nursing Home,"Pimple Nilakh, Pune",1,4
1622,Usha Kiran Eye Hospital,"Thergaon, Pune",1,2
1623,IMAX MULTISPECIALITY HOSPITAL,"Wagholi, Pune",1,70
1624,Rode Hospital,"Dighi Camp, Pune",1,15
1625,Aditya Birla Memorial Hospital,"Chinchwad, Pune",1,10
1626,Maxi Vision Super Speciality Eye Hospital,"Dilsukhnagar, Hyderabad",1,15
1627,Ramakrishna Nursing Home,"Malleswaram, Bangalore",1,22
1628,Bhoir Hospital,"Thergaon, Pune",1,5
1629,NuCare Hospital,"Baner, Pune",1,25
1630,Royal Hospital,"Katraj, Pune",1,6
1631,M M Hospital & Maternity Centre,"Mehdipatnam, Hyderabad",1,30
1632,Sri Balaji Nursing Home,"Uppal, Hyderabad",1,30
1633,Bharati Vidyapeeth Deemed University & Medical College,"Dhankawadi, Pune",1,800
1634,Vaigai ENT,"Washermenpet, Chennai",1,1
1635,OM Hospital,"Senapati Bapat Marg, Pune",1,10
1636,Devashri Hospital,"Padmavati, Pune",1,5
1637,Unicare Hospital,"Chakan, Pune",1,75
1638,K K Hospital,"Chandan Nagar, Pune",1,45
1639,Manasa Hospital,"Vijayanagar, Bangalore",1,39
1640,Pataskar Hospital,"Bhosari, Pune",1,25
1641,5th Sense Animal Health Care,"Baner, Pune",1,2
1642,Umarji Hospital,"Shukrawar Peth, Pune",1,8
1643,Dr. Dnyanmote Multi Speciality Hospital,"Thergaon, Pune",1,10
1644,National Institute Of Ophthalmology - Aundh,"Aundh, Pune",1,10
1645,Patil Eye Hospital,"Bhosari, Pune",1,2
1646,Saraogi Hospital,"Malad West, Mumbai",1,15
1647,Vinayaka speciality hospital,"Bommanahalli, Bangalore",1,4
1648,Vasantha Hospital,"Washermenpet, Chennai",1,30
1649,SKS Veterinary Hospital,"Abhiramapuram, Chennai",1,2
1650,Nagarathna Hospital,"Kanakpura Road, Bangalore",1,8
1651,Health  Cottage  Hospital,"Ulsoor, Bangalore",1,20
1652,Vasan Eye Care Hospital,"Tiruvottiyur, Chennai",1,10
1653,Little Stars Children's Hospital,"Panjagutta, Hyderabad",1,100
1654,Kulkarni EndoSurgery Institute,"Kothrud, Pune",1,21
1655,HCG Hospitals,"Koramangala 5 Block, Bangalore",1,6
1656,Masina Hospital ,"Byculla, Mumbai",1,232
1657,Unity Hospital,"Rajarajeshwarinagar, Bangalore",1,5
1658,Apple Hospitals,"Yakutpura, Hyderabad",1,50
1659,M.V. Centre For Diabetes,"Koramangala, Bangalore",1,1
1660,Devi Nursing Home,"Koramangala 2 Block, Bangalore",1,1
1661,Fortis Hospital,"Mulund West, Mumbai",1,261
1662,Navjeevan Hospitals,"Secunderabad, Hyderabad",1,50
1663,Amma Hospital,"Nungambakkam, Chennai",1,30
1664,Sahasra Hospitals,"Jayanagar, Bangalore",1,35
1665,Madha Clinic,"Triplicane, Chennai",1,75
1666,"CHIRAG HOSPITAL, Bangalore","JP Nagar 2 Phase, Bangalore",1,25
1667,Shreyas Hospital ,"Ecil, Hyderabad",1,50
1668,Vasan Eye Care Hospital,"Vijayanagar, Bangalore",1,2
1669,Aalayaa Hospital,"Vadapalani, Chennai",1,2
1670,Ankura Children's Hospitals,"AS Rao Nagar, Hyderabad",1,100
1671,Dr. Agarwal's Eye Hospital,"Frazer Town, Bangalore",1,4
1672,Hitech Unity Hospital,"Bapujinagar, Bangalore",1,25
1673,Adarsh Multi Specialty Hospital,"Kengeri, Bangalore",1,20
1674,Pune City Eye Clinic,"Camp, Pune",1,1
1675,Deshpande Eye Hospital & Laser Center,"Paud Road, Pune",1,1
1676,Arylok Hospital,"Sinhagad Road, Pune",1,2
1677,Gujar Hospital,"Ambegaon, Pune",1,4
1678,"Visitech Eye Centre, Jasola","Jasola, Delhi",1,8
