,NAME,EXPERIENCE,QUALIFICATION,SPECIALTIES,HOSPITAL
0,Dr. Sangeeta,14.0,MBBS DNB - Plastic Surgery ,Gynecologist/Obstetrician,Kailash Hospital
1,Dr. Neelam Benerjee,38.0,MBBS MD - Cardiology DM - Cardiology ,Gynecologist/Obstetrician,Kailash Hospital
2,Dr. Sanchita,16.0,DM - Cardiology MD - General Medicine MBBS ,Gynecologist/Obstetrician,Kailash Hospital
3,Dr. Neelu Mittal,11.0,MBBS MD - General Medicine DM - Cardiology ,Pediatrician,Kailash Hospital
4,Dr. Amit Sharma,12.0,BDS ,Orthopedist,Kailash Hospital
5,Dr. Akhilesh Sharma,16.0,MBBS MD - Pediatrics DNB - Paediatrics ,Orthopedist,Kailash Hospital
6,Dr. Tarun Gupta,43.0,MBBS MS - General Surgery MCh - Paediatric Surgery DNB - Pediatric Surgery ,Dermatologist,Kailash Hospital
7,Dr. D S Gambhir,22.0,BDS ,Cardiologist,Kailash Hospital
8,Dr. S.K. Agarwal,38.0,MBBS MS - General Surgery MCh - Urology/Genito-Urinary Surgery ,Cardiologist,Kailash Hospital
9,Dr. Balram Mishra,11.0,BPTh/BPT ,Cardiologist,Kailash Hospital
10,Dr. Monisha Shah,17.0,MBBS DGO MD - Obstetrics & Gynaecology ,Dentist,Kailash Hospital
11,Dr. Manjeet Kaur,12.0,MS - General Surgery MCh - Plastic Surgery MBBS ,"Dentist,Cosmetic/AestheticDentist",Kailash Hospital
12,Dr. Sandeep Kadanga,31.0,MBBS Diploma in Orthopaedics Fellowship in Joint Replacement ,VascularSurgeon,Kailash Hospital
13,Dr. Pankaj Maria,22.0,MBBS MS - General Surgery FICS ,Pediatrician,Kailash Hospital
14,Dr. Rakesh Handa,14.0,MBBS MD - General Medicine DM - Gastroenterology ,PediatricSurgeon,Kailash Hospital
15,Dr. Nalin Sinha,18.0,MBBS MD - Dermatology Fellowship in Cosmetology ,Dentist,Kailash Hospital
16,Dr. Paresh Jain,7.0,MBBS MNAMS - Ophthalmology DNB - Ophthalmology ,Urologist,Kailash Hospital
17,Dr. Jaipee Sharma,14.0,MBBS MD - General Medicine DM - Endocrinology ,Physiotherapist,Kailash Hospital
18,Dr.Neena Pandey,26.0,MBBS MD - Pediatrics ,Dentist,Kailash Hospital
19,Dr. Nandita Gusain Barthwal,18.0,MBBS ,"Gynecologist,Obstetrician",Kailash Hospital
20,Dr. Rakesh Kumar Sandhir,38.0,MBBS MD - Medicine DM - Endocrinology ,PlasticSurgeon,Kailash Hospital
21,Dr. Sushil Sharma,26.0,MBBS ,Orthopedist,Kailash Hospital
22,Dr. B.A.Sathe,7.0,MBBS Diploma in Otorhinolaryngology (DLO) MS - ENT ,GeneralPhysician,Kailash Hospital
23,Dr. Deepak Arora,21.0,MBBS MD - General Medicine DM - Gastroenterology ,"LaparoscopicSurgeon,GeneralSurgeon",Kailash Hospital
24,Dr. Parag Agarwal,7.0,MBBS MS - General Surgery ,GeneralPhysician,Kailash Hospital
25,Dr. Dinesh Kumar,36.0,MBBS ,GeneralPhysician,Kailash Hospital
26,Dr. Mahesh Gupta,8.0,MBBS ,"Gastroenterologist,InternalMedicine",Kailash Hospital
27,Dr Pratima,30.0,MBBS MD - Obstetrics & Gynaecology ,Dentist,Max Hospital
28,Dr. Amit Malhotra,12.0,MBBS MS - Orthopaedics DNB - Orthopedics/Orthopedic Surgery ,"Dermatologist,Cosmetologist,Dermatosurgeon",Max Hospital
29,Dr. Charu Tyagi,17.0,MBBS MD - Pediatrics Fellowship in Pediatric Critical Care (IAP) Fellowship in Neonatology ,Ophthalmologist/EyeSurgeon,Max Hospital
30,Dr. Neeru Gera,12.0,MBBS MD - Obstetrics & Gynaecology ,Endocrinologist,Max Hospital
31,Dr. Rekha Mittal,15.0,MBBS ,PediatricNeurologist,Max Hospital
32,Dr. Nidhi Sahai,17.0,MBBS MD - Obstetrics & Gynaecology ,Nephrologist,Max Hospital
33,Dr. Chandresh Agarwal,20.0,MBBS MS - Obstetrics & Gynaecology ,Ear-Nose-Throat(ENT)Specialist,Max Hospital
34,Dr. Saptarshi Bhattacharya,1.0,MBBS ,Endocrinologist,Max Hospital
35,Dr. Neeru Gera,9.0,MBBS MD - Obstetrics & Gynaecology ,ReproductiveEndocrinologist(Infertilty),Max Hospital
36,Dr. Mala Bhattacharya,13.0,MBBS ,Ear-Nose-Throat(ENT)Specialist,Max Hospital
37,Dr. Anurag Tandon,13.0,MBBS DNB Post Graduate Diploma in Ophthalmology ,ENT/Otorhinolaryngologist,Max Hospital
38,Dr. Diptendu Sengupta,31.0,MBBS MS - Ophthalmology ,Gastroenterologist,Max Hospital
39,Dr. Darpreet Singh Bhamrah,13.0,MS - Orthopaedics MBBS ,GeneralSurgeon,Max Hospital
40,Dr. Vandana Garg,11.0,MBBS MD - Pediatrics ,InternalMedicine,Max Hospital
41,Dr. Meenakshi Jain,19.0,MBBS DCH ,InternalMedicine,Max Hospital
42,Dr. Payal Singhal,17.0,MBBS MD - Pediatrics ,"Gynecologist,InfertilitySpecialist,Obstetrician",Max Hospital
43,Dr. Rajiv Thukral,33.0,MBBS ,Orthopedist,Max Hospital
44,Dr. Amit Gupta,14.0,MBBS ,"Neonatologist,Pediatrician",Max Hospital
45,Mr. Rajkumar Srivastava,17.0,MBBS ,OccupationalTherapist,Max Hospital
46,Dr. Asha Bakshi,27.0,MBBS MS - General Surgery DNB - Urology/Genito - Urinary Surgery MNAMS - Urology ,Neurosurgeon,Max Hospital
47,Dr. Vineeta Agarwal,29.0,MCh - Urology MS - General Surgery MBBS ,"Gynecologist/Obstetrician,Oncologist",Max Hospital
48,Dr. Vandana C.Sharma,17.0,MBBS MD - General Medicine DM - Cardiology ,Oncologist,Max Hospital
49,Dr. Sandhya Gupta,12.0,MD - General Medicine DM - Cardiology MBBS ,Gynecologist/Obstetrician,Max Hospital
50,Dr. Vinita Gupta,16.0,MBBS MD - Skin & VD ,"Gynecologist,Obstetrician,InfertilitySpecialist",Max Hospital
51,Dr. Uma Rai,17.0,MBBS MD - Dermatology ,"Obstetrician,Gynecologist",Max Hospital
52,Dr. Anshu Raina,8.0,MBBS MS - Obstetrics & Gynaecology DM - Medical Genetics ,Gynecologist/Obstetrician,Max Hospital
53,Dr. Kiran Sharma,13.0,MBBS MS - General Surgery ,Gynecologist/Obstetrician,Max Hospital
54,Dr. Manorama Singh,21.0,MBBS MD - Obstetrics & Gynaecology ,"Obstetrician,Gynecologist",Max Hospital
55,Dr. Arti Surbhit Chaudhary,54.0,MBBS ,Ophthalmologist,Max Hospital
56,Dr. Angshuman Goswami,20.0,MBBS MS - ENT ,Ophthalmologist,Max Hospital
57,Dr. Satya Karna,25.0,MBBS DNB - Obstetrics & Gynecology ,Ophthalmologist/EyeSurgeon,Max Hospital
58,Dr. Madhu Karna,30.0,MBBS MS - Orthopaedics ,Ophthalmologist/EyeSurgeon,Max Hospital
59,Dr. Albert Desuza,14.0,MBBS MD - Pediatrics ,Orthopedist,Max Hospital
60,Dr. Punit Dilawari,15.0,"MBBS Fellowship in Diabetology(Royal Liverpool Academy, UK) Post Graduate Diploma in Diabetology (PGDD)(Harvard University, USA) DFM (UK) ",Orthopedist,Max Hospital
61,Dr. Sanjay Garg,12.0,MBBS DGO MD - Obstetrics & Gynaecology ,Orthopedist,Max Hospital
62,Dr. Sudhir Seth,24.0,BDS MDS - Orthodontics & Dentofacial Orthopaedics ,Orthopedist,Max Hospital
63,Dr. Ravinder Singh,8.0,MBBS MS - Orthopaedics DNB MNAMS - General Surgery M.Ch - Orthopaedics MBBS MS - Orthopaedics DNB MNAMS - General Surgery M.Ch - Orthopaedics ,Orthopedist,Max Hospital
64,Dr. Jyoti Bhatia,18.0,MBBS MS - Ophthalmology Fellowship in Vitreoretinal Surgery ,PaediatricIntensivist,Max Hospital
65,Dr. Indra Vij,39.0,DCH FCH ,Pediatrician,Max Hospital
66,Dr. Manjeet Wahi,18.0,MBBS DGO ,Pediatrician,Max Hospital
67,Dr. Anushree Bose,9.0,MBBS DNB - General Surgery ,Physiotherapist,Max Hospital
68,Dr. Tanveer,13.0,MD - General Medicine MBBS ,Physiotherapist,Max Hospital
69,Dr. Gyanender Agarwal,15.0,BDS MDS - Conservative Dentistry & Endodontics Diploma in Hospital Administration ,Pulmonologist,Max Hospital
70,Dr. Priyanka Aggarwal,8.0,MBBS MS - General Surgery MCh - Urology DNB - Urology/Genito - Urinary Surgery MBA - HealthCare Management ,Pulmonologist,Max Hospital
71,Dr. Ravi Pushkarna,14.0,MDS - Paedodontics And Preventive Dentistry ,Radiologist,Max Hospital
72,Dr. Kavita Thukral,19.0,MBBS Diploma in Orthopaedics ,Radiologist,Max Hospital
73,Dr. K.N.P.Sinha,19.0,MBBS Diploma in Orthopaedics DNB - Orthopedics/Orthopedic Surgery ,Rheumatologist,Max Hospital
74,Dr. Upwan K Chauhan,15.0,MBBS MD - Pediatrics ,Urologist,Max Hospital
75,Dr. Vimal Dassi,7.0,MBBS DVD ,Urologist,Max Hospital
76,Dr. Ajoy Deshmukh,14.0,MBBS MS - Obstetrics & Gynaecology Fellowship In Gynaec Endoscopy ,Cardiologist,Max Hospital
77,Dr. Ajay K Sharma,16.0,MBBS DGO DNB - Obstetrics & Gynecology ,Cardiologist,Max Hospital
78,Dr. Rohit Bhargava,10.0,MBBS MS - General Surgery MCh - Neuro Surgery ,Dermatologist,Max Hospital
79,Dr. Rajiv Sekhri,13.0,MBBS MS - General Surgery DNB - Gastroenterology MNAMS - General Surgery MRCS (UK) ,Dermatologist,Max Hospital
80,Dr. Amit Vij,11.0,MBBS MS - Orthopaedics ,Dermatologist,Max Hospital
81,Dr. Ashutosh Gupta,16.0,MBBS MS - Orthopaedics M.Ch - Orthopaedics ,Geneticist,Max Hospital
82,Dr. Shilpa Varma,11.0,MBBS MS - General Surgery MCh - Urology ,"GeneralSurgeon,LaparoscopicSurgeon",Max Hospital
83,Dr. Anita K Sharma,17.0,MBBS MD - General Medicine DNB - Nephrology ,"Obstetrician,Gynecologist",Max Hospital
84,Dr. Samir Aeron,19.0,MBBS MD - General Medicine ,,Max Hospital
85,Dr. Manoj Kumar,15.0,MBBS DNB - Paediatrics ,GeneralPhysician,Max Hospital
86,Dr. Preeti Mishra,12.0,MBBS MD - Pediatrics ,,Max Hospital
87,Dr. Anil Pandey,27.0,"MBBS DCH MD - Pediatrics Member of the Royal College of Paediatrics and Child Health (MRCPCH, London, Glasgow or Edinburgh) ",,Max Hospital
88,Dr. Harbhajan Singh Saini,10.0,MBBS DNB - General Surgery DNB - Pediatric Surgery ,,Max Hospital
89,Dr. Sanjay Sachdeva,16.0,MBBS DGO ,ENT/Otorhinolaryngologist,Max Hospital
90,Dr. D.N.Agarwal,22.0,MBBS DPM (Psychiatry) DNB ,,Max Hospital
91,Dr. Sudhir Sharma,32.0,MBBS MS - ENT ,,Max Hospital
92,Dr. Anita Khanna,30.0,MBBS MS - General Surgery MCh - Plastic Surgery ,,Max Hospital
93,Dr. Renu Kapoor,19.0,MBBS MS - General Surgery MCh - Plastic Surgery ,Gynecologist,Max Hospital
94,Dr. Abhishek Haldar,9.0,MBBS MS - Ophthalmology ,"JointReplacementSurgeon,Orthopedist",Max Hospital
95,Dr. Shishir Bhatnagar,8.0,BHMS NDDY ,Pediatrician,Max Hospital
96,Dr. Mudit Sabharwal,21.0,DM - Neurology MBBS ,Diabetologist,Max Hospital
97,Dr. Pratibha Singhal,24.0,MBBS MS - ENT ,"Gynecologist,Obstetrician",Max Hospital
98,Dr. Nitika,26.0,M.Phil - Clinical Psychology PhD - Psychology Masters in Clinical Psychology ,Orthodontist,Max Hospital
99,Dr. Sudhir Seth,23.0,MBBS MD - Medicine ,Orthopedist,Max Hospital
100,Dr. Rakesh Kumar,12.0,MBBS MS - General Surgery Fellowship in Anterior Segment (FIAS) ,Ophthalmologist/EyeSurgeon,Max Hospital
101,Dr. Rajeev Ranjan,20.0,MBBS MS - Obstetrics & Gynaecology ,Pediatrician,Max Hospital
102,Dr. Manisha Ranjan,18.0,MD - Anaesthesiology MBBS ,"Obstetrician,Gynecologist",Max Hospital
103,Dr. Sandeep Jain,18.0,MS - General Surgery ,"GeneralSurgeon,LaparoscopicSurgeon",Max Hospital
104,Dr. Yogesh Valecha,17.0,MS - Neuro Surgery MCh - Neuro Surgery FICS ,"InternalMedicine,ConsultantPhysician",Max Hospital
105,Dr. Praveen Kumar,21.0,DNB ,"Dentist,Endodontist",Max Hospital
106,Dr. Anuj Agarwal,24.0,MD - General Medicine DM - Cardiology MBBS ,Dentist,Max Hospital
107,Dr. Shailendra Kumar Goel,10.0,MBBS DDV ,"UrologicalSurgeon,Sexologist",Max Hospital
108,Dr. Vandana Mishra,18.0,MBBS MS - ENT Diploma in Otorhinolaryngology (DLO) ,Dentist,Max Hospital
109,Dr. NIKITA JOHRI,10.0,MD - Obstetrics & Gynaecology DNB MBBS ,PediatricDentist,Max Hospital
110,Dr. Sujit Narayan,11.0,MS - Orthopaedics MBBS ,Orthopedist,Max Hospital
111,Dr. Abhisar Katiyar,17.0,MBBS MD - General Medicine ,"Orthopedist,JointReplacementSurgeon",Yatharth Wellness Hospital & Trauma Centre
112,Dr. Anuj Jain,18.0,MBBS DDVL ,Pediatrician,Yatharth Wellness Hospital & Trauma Centre
113,Dr. Pradeep Sethi,10.0,MBBS MS - General Surgery MCh - Burns & Plastic Surgery ,Dermatologist,Yatharth Wellness Hospital & Trauma Centre
114,Dr. Suman Mehla,9.0,MBBS MD - Physician ,"Obstetrician,Gynecologist,InfertilitySpecialist",Yatharth Wellness Hospital & Trauma Centre
115,Dr. Anjali Vaish,9.0,MBBS MD - Pediatrics ,"Gynecologist,Obstetrician,LaparoscopicSurgeon(Obs&Gyn)",Yatharth Wellness Hospital & Trauma Centre
116,Dr. Amitabh Goel,17.0,MBBS MS - General Surgery FIAGES FAIS FALS ,"Neurologist,Neurosurgeon",Metro Multispeciality Hospital
117,Dr. Rajat Saxena,13.0,MBBS MS - Orthopaedics MRCS (UK) M.Ch - Orthopaedics FRCS - Trauma & Orthopedic Surgery ,"GeneralSurgeon,LaparoscopicSurgeon,Gastroenterologist",Metro Multispeciality Hospital
118,Dr. Deepak Mittal,20.0,MBBS MD - Internal Medicine ,Orthopedist,Metro Multispeciality Hospital
119,Dr. Vishal Agrawal,14.0,MBBS MS - ENT ,Orthopedist,Metro Multispeciality Hospital
120,Dr. Ashutosh Singh,28.0,MBBS MCh - Paediatric Surgery MS - General Surgery ,Urologist,Metro Multispeciality Hospital
121,Dr. Rajesh Bansal,8.0,MBBS MS - Orthopaedics M.Ch - Orthopaedics Advanced Trauma Life Support (ATLS) Fellowship in Joint Replacement ,Nephrologist/RenalSpecialist,Metro Multispeciality Hospital
122,Dr. Sanjay Sanadhya,17.0,MBBS MD - General Medicine DNB - Nephrology ,"GeneralPhysician,InternalMedicine",Metro Multispeciality Hospital
123,Dr. Shalini Tyagi,19.0,MBBS DPM (Psychiatry) ,Pediatrician,Metro Multispeciality Hospital
124,Dr. Manisha Pal,26.0,MBBS MS - General Surgery MCh - Urology ,Pediatrician,Metro Multispeciality Hospital
125,Dr. Ajit Saxena,11.0,MBBS PG Diploma In Clinical Cosmetology (PGDCC) ,"PaediatricIntensivist,Pediatrician",Metro Multispeciality Hospital
126,Dr. Abhishek,11.0,MBBS MD - General Medicine DNB  - Medical Oncology ,"PediatricSurgeon,GeneralSurgeon",Metro Multispeciality Hospital
127,Dr. Anika Srivastava,11.0,MBBS DNB - General Medicine Fellowship in Non-Invasive Cardiology (FIC) ,Gynecologist,Metro Multispeciality Hospital
128,Dr. Avani Sarvaiya Tiwari,13.0,MBBS MD - Pediatrics MRCPCH (UK) ,Psychiatrist,Metro Multispeciality Hospital
129,Dr. Salil Sharma,11.0,MBBS MS - Orthopaedics DNB - Radiotherapy ,ENT/Otorhinolaryngologist,Metro Multispeciality Hospital
130,Dr. Indra Narain Tiwari,8.0,MBBS MS - Obstetrics & Gynaecology ,PlasticSurgeon,Metro Multispeciality Hospital
131,Dr. Richa Kumar,11.0,MBBS MD - Pediatrics ,PlasticSurgeon,Metro Multispeciality Hospital
132,Dr. Rajat Anand,11.0,MBBS MD - General Medicine DNB - Gastroenterology ,Ophthalmologist/EyeSurgeon,Metro Multispeciality Hospital
133,Dr. Suresh Chander Sachdeva,18.0,MBBS MD - General Medicine DM - Neurology ,Homoeopath,Metro Multispeciality Hospital
134,Dr. Amit Garg,11.0,MBBS MD - Medicine ,Radiologist,Metro Multispeciality Hospital
135,Dr. Kapil K Singhal,35.0,MBBS MD - Pediatrics ,Neurologist,Metro Multispeciality Hospital
136,Dr. Shikha Bani,11.0,MBBS MD - Medicine DM - Nephrology DNB - Nephrology MBA - HealthCare Management ,ENT/Otorhinolaryngologist,Metro Multispeciality Hospital
137,Dr. Owais Akram Farooqui,11.0,MBBS MD - Medicine DNB (Cardiology) DM - Cardiology ,ClinicalPsychologist,Metro Multispeciality Hospital
138,Dr. R. K. Choudhary,26.0,MBBS MS - Neuro Surgery ,Oncologist,Metro Multispeciality Hospital
139,Dr. Ravikant Arora,8.0,MBBS MS - General Surgery MCh - Urology ,GeneralSurgeon,Metro Multispeciality Hospital
140,Dr. Bela Ravikant,11.0,MBBS MD - Internal Medicine ,Gynecologist,Metro Multispeciality Hospital
141,Dr. Sonia Mathur,23.0,MBBS MS - Ophthalmology ,Anesthesiologist,Noida Medicare Centre Ltd.
142,Dr. Tarun Kumar,11.0,MBBS MD - Skin & VD ,GeneralSurgeon,Noida Medicare Centre Ltd.
143,Dr. Sanjay Mongia,12.0,MBBS MD - General Medicine DM - Endocrinology ,Neurosurgeon,Noida Medicare Centre Ltd.
144,Dr. Jaskaran Sethi,10.0,MBBS MS - General Surgery MCh - Cardio Thoracic and Vascular Surgery ,Oncologist,Noida Medicare Centre Ltd.
145,Dr. Ajay K Sharma,9.0,MBBS MD - General Medicine DM - Cardiology ,Cardiologist,Noida Medicare Centre Ltd.
146,Dr. Gunjan Gupta,10.0,MBBS MD - Anaesthesiology ,Dermatologist,Noida Medicare Centre Ltd.
147,Dr. Ajay Swaroop,9.0,MBBS MS - General Surgery ,ENT/Otorhinolaryngologist,Noida Medicare Centre Ltd.
148,Dr. Anjali Gupta,9.0,MBBS DNB - Neurosurgery ,Gynecologist,Noida Medicare Centre Ltd.
149,Dr. Sanjay Garg,8.0,MBBS MS - ENT ,Orthopedist,Noida Medicare Centre Ltd.
150,Dr. Uma Kishore,8.0,MBBS MS - General Surgery MCh - Plastic Surgery ,GeneralPhysician,Noida Medicare Centre Ltd.
151,Dr. Shobit Caroli,12.0,MBBS MD - Pediatrics ,"Dermatologist,Trichologist,AestheticDermatologist",Noida Medicare Centre Ltd.
152,Dr. Nishant Chhajer,5.0,MBBS DNB - Obstetrics & Gynecology ,PlasticSurgeon,Noida Medicare Centre Ltd.
153,Dr. Vishal Singh,5.0,MS - Orthopaedics MBBS ,GeneralPhysician,Noida Medicare Centre Ltd.
154,Dr. Tanu Satija,11.0,MBBS MD - Anaesthesiology Fellowship in NeuroAnesthesia and Pain Medicine Fellowship in Pain Medicine Resident Fellow Member - American Society of Interventional Pain Physicians ,Pediatrician,Noida Medicare Centre Ltd.
155,Dr. Nitin Jha,5.0,"MBBS MD - Psychiatry Member of the Royal College of Psychiatrists, United Kingdom (MRC Psych) ","GeneralSurgeon,LaparoscopicSurgeon,BariatricSurgeon",Fortis Hospital
156,Dr. Gaurav Rathore,16.0,MBBS MS - Orthopaedics M.Ch - Orthopaedics ,"Orthopedist,JointReplacementSurgeon",Fortis Hospital
157,Dr. Vinod Vasistha,16.0,MD - General Medicine Post Graduate Diploma in Diabetology (PGDD) Diploma in Rheumatology MBBS ,"ConsultantPhysician,InternalMedicine",Fortis Hospital
158,Dr. Savyasachi Saxena,16.0,MBBS DDVL ,"ENT/Otorhinolaryngologist,HeadandNeckSurgeon",Fortis Hospital
159,Dr. Mohit Kumar Mathur,16.0,MBBS MD - Medicine DM - Gastroenterology ,"PediatricSurgeon,LaparoscopicSurgeon",Fortis Hospital
160,Dr. Mohit Madan,16.0,MD - Pediatrics MBBS ,"Orthopedist,SpineAndPainSpecialist,JointReplacementSurgeon",Fortis Hospital
161,Dr. Varun Verma,9.0,MBBS MD - Pediatrics MRCPCH (UK) ,"Nephrologist/RenalSpecialist,InternalMedicine",Fortis Hospital
162,Dr. Manu Tiwari,16.0,MBBS DNB - General Medicine PG Certificate Course In Diabetes Education(PGDCE) ,Psychiatrist,Fortis Hospital
163,Dr. Piyush Varshney,26.0,MBBS MD - Obstetrics & Gynaecology ,Urologist,Fortis Hospital
164,Dr. Ali Nawaz,37.0,MBBS MD - Dermatology ,GeneralPhysician,Fortis Hospital
165,Dr. Vikas Goswami,6.0,MBBS MD - Internal Medicine DM - Endocrinology ,"MedicalOncologist,HematologicOncologist",Fortis Hospital
166,Dr. Anil Minocha,41.0,MSc - Clinical Psychology ,ConsultantPhysician,Fortis Hospital
167,Dr. Alok Dwivedi,10.0,MBBS DGO DNB - Obstetrics & Gynecology ,"Pediatrician,PaediatricIntensivist",Fortis Hospital
168,Dr. Amit Bhargava,15.0,MS - ENT MBBS ,Orthopedist,Fortis Hospital
169,Dr. Aradhana Singh,6.0,MBBS MD - Radiotherapy ,"Gynecologist,Obstetrician",Fortis Hospital
170,Dr. Devavrat Arya,21.0,MBBS MD - Medicine ,,Fortis Hospital
171,Dr. Devender Chhonker,6.0,DGO MBBS ,Pediatrician,Fortis Hospital
172,Dr. J S Bhogal,9.0,DNB - Orthopedics/Orthopedic Surgery MBBS MS - Orthopaedics ,Gastroenterologist,Fortis Hospital
173,Dr. Jyoti B. Sharma,24.0,MS - Orthopaedics MBBS ,Neurologist,Fortis Hospital
174,Dr. Jyoti Jain,14.0,MBBS MD - Pediatrics MRCPCH (UK) ,InternalMedicine,Fortis Hospital
175,Dr. K Ramalingam,13.0,MD - Obstetrics & Gynaecology MBBS ,PaediatricIntensivist,Fortis Hospital
176,Dr. Kapil Kochhar,19.0,MBBS MS - General Surgery MCh - Urology ,,Fortis Hospital
177,Dr. Manoj Kumar Singhal,20.0,MD - Medicine MBBS ,Nephrologist/RenalSpecialist,Fortis Hospital
178,Dr. Parneesh Arora,44.0,DM - Cardiology DNB (Cardiology) ,Cardiologist,Fortis Hospital
179,Dr. Puneet Dargan,43.0,MS - General Surgery MBBS ,Neurosurgeon,Fortis Hospital
180,Dr. Rahul Gupta,11.0,MS - General Surgery ,"Urologist,UrologicalSurgeon",Fortis Hospital
181,Dr. Rajesh Gupta,16.0,MBBS MS - General Surgery ,InternalMedicine,Fortis Hospital
182,Dr. Rajesh Khanna,9.0,MD - Pediatrics ,Ophthalmologist/EyeSurgeon,Fortis Hospital
183,Dr. Rajiv Sekhri,9.0,MS - Orthopaedics MBBS ,Dermatologist,Fortis Hospital
184,Dr. Rakesh Kumar Prasad,9.0,MBBS MS - Otorhinolaryngology ,"Endocrinologist,Diabetologist",Fortis Hospital
185,Dr. Vaibhav Mishra,11.0,MBBS MS - ENT DNB - ENT ,CardiothoracicandVascularSurgeon,Fortis Hospital
186,Dr. Veneet Bhatia,12.0,MBBS Diploma in Dermatology ,Cardiologist,Fortis Hospital
187,Dr. Vipin Kumar Goel,9.0,BDS ,Anesthesiologist,Fortis Hospital
188,Dr. Vivek Vij,12.0,DM - Gastroenterology MBBS MD - Medicine ,GeneralSurgeon,Fortis Hospital
189,Dr. Manish Vaish,5.0,MBBS MS - General Surgery MCh - Plastic Surgery ,"Neurosurgeon,SpineSurgeon",Fortis Hospital
190,Dr. Anurag Jain,8.0,Diploma in Anesthesiology MBBS ,ENT/Otorhinolaryngologist,Fortis Hospital
191,Dr. Vishwanath Dudani,11.0,DNB - Radio Diagnosis ,PlasticSurgeon,Fortis Hospital
192,Dr. Shaifali Chauhan,8.0,MD - Radio Diagnosis/Radiology ,Pediatrician,Fortis Hospital
193,Dr. Hemangi Negi,9.0,DNB - Pathology ,"Gynecologist,Obstetrician",Fortis Hospital
194,Dr. Ankur Singhal,10.0,MD - Microbiology ,Orthopedist,Fortis Hospital
195,Dr. Anurag Aggarwal,17.0,MD - Radio Diagnosis/Radiology ,"SpineAndPainSpecialist,PainManagementSpecialist",Fortis Hospital
196,Dr. Ajay Nihalani,12.0,MD - Anaesthesiology MBBS ,"Neuropsychiatrist,Psychiatrist,AddictionPsychiatrist",Fortis Hospital
197,Dr. Ashok Kumar Sharma,9.0,MBBS MD - Radio Diagnosis/Radiology ,"Orthopedist,JointReplacementSurgeon",Fortis Hospital
198,Dr. Nishant Singh,2.0,BHMS MD - Homeopathy ,ConsultantPhysician,Fortis Hospital
199,Dr. Shobit Caroli,4.0,MBBS ,"Dermatologist,Trichologist,AestheticDermatologist",Apollo Hospitals
200,Dr. Vishal Garg,9.0,MBBS MS - Ophthalmology ,Gastroenterologist,Apollo Hospitals
201,Dr. Arvind Garg,9.0,MBBS MS - Ophthalmology ,Pediatrician,Apollo Hospitals
202,Dr. Ravi Gupta,33.0,MBBS MS - Ophthalmology DNB ,Pediatrician,Apollo Hospitals
203,Dr. Ashish Gupta,27.0,MBBS MS - Ophthalmology ,InternalMedicine,Apollo Hospitals
204,Dr. Taruna Girish,19.0,MBBS MS - Ophthalmology ,"Gynecologist,Obstetrician",Apollo Hospitals
205,Dr. Anuja Agarwal,12.0,MBBS MS - Ophthalmology ,Dermatologist,Apollo Hospitals
206,Dr. B K Roy,12.0,MBBS MS - Ophthalmology ,"Endocrinologist,Diabetologist,Sexologist",Apollo Hospitals
207,Dr. Manisha Singhal,25.0,MBBS DNB - Ophthalmology ,ClinicalPsychologist,Apollo Hospitals
208,Dr. Mithee Bhanot,16.0,MBBS MS - Ophthalmology ,Gynecologist,Apollo Hospitals
209,Dr. Lucky,11.0,MBBS MS - Ophthalmology ,Gynecologist/Obstetrician,Surbhi Hospital
210,Dr. Praveen,22.0,MBBS MD - Obstetrics & Gynaecology ,GeneralPhysician,Surbhi Hospital
211,Dr. Akash,17.0,MBBS ,GeneralPhysician,Surbhi Hospital
212,Dr. Richa,4.0,MBBS MS - General Surgery MCh - Neuro Surgery ,GeneralPhysician,Surbhi Hospital
213,Dr. Viti,24.0,MBBS ,GeneralSurgeon,Surbhi Hospital
214,Dr. Dimple,23.0,MBBS MD - Dermatology ,ENT/Otorhinolaryngologist,Surbhi Hospital
215,Dr. Chhati Shetti,7.0,MBBS MS - Obstetrics & Gynaecology ,Dentist,Surbhi Hospital
216,Dr. Nitin Jain,24.0,MBBS MD - Pediatrics ,Pediatrician,Surbhi Hospital
217,Dr. Piyusha Kulshrestha,21.0,BAMS ,RadiationOncologist,Surbhi Hospital
218,Dr. V. A Bharadwaj,9.0,MBBS MD - Obstetrics & Gynaecology ,"InternalMedicine,GeneralPhysician",Bhardwaj Hospital & Healthcare
219,Dr. Shyama Garyali,23.0,MBBS MRCOG MS - Obstetrics & Gynaecology ,Gynecologist,Bhardwaj Hospital & Healthcare
220,Dr. Siddharth Dutta,4.0,MBBS MS - Obstetrics & Gynaecology FNB - Reproductive Medicine Certified IVF Specialist ,Orthopedist,Bhardwaj Hospital & Healthcare
221,Dr. Bharat Maheshwari,11.0,MBBS MD - Internal Medicine DM - Neurology ,Orthopedist,Bhardwaj Hospital & Healthcare
222,Dr. Vivek Goswami,19.0,MBBS MS - Orthopaedics M.Ch - Orthopaedics Fellowship in Joint Replacement ,Pediatrician,Bhardwaj Hospital & Healthcare
223,Dr. Seema Sinha,17.0,MBBS MS - ENT ,Gynecologist,Bhardwaj Hospital & Healthcare
224,Dr. Rahul Gupta,10.0,MBBS MS - General Surgery MCh - Surgical Oncology ,"Urologist,UrologicalSurgeon",Bhardwaj Hospital & Healthcare
225,Dr. K.C.Koley,15.0,MBBS MS - Ophthalmology ,"GeneralPhysician,InternalMedicine",Bhardwaj Hospital & Healthcare
226,Dr. Sanjeev Bhardwaj,15.0,MBBS MS - Ophthalmology Fellowship of the Royal College of Ophthalmologists (FRCO) ,Cardiologist,Bhardwaj Hospital & Healthcare
227,Dr. B.P.Gupta,15.0,MBBS MS - General Surgery DNB - Urology/Genito - Urinary Surgery ,GeneralSurgeon,Bhardwaj Hospital & Healthcare
228,Dr. S.K.Verma,12.0,MBBS MD - General Medicine ,GeneralSurgeon,Bhardwaj Hospital & Healthcare
229,Dr. A. V. Shaunik,9.0,MBBS MS - Obstetrics & Gynaecology Fellowship in Gynaec Oncology ,GeneralSurgeon,Bhardwaj Hospital & Healthcare
230,Dr. J.L.Seth,19.0,MBBS MD - Cardiology ,Pediatrician,Bhardwaj Hospital & Healthcare
231,Dr. Rahul Gupta,14.0,MBBS MS - General Surgery ,Orthopedist,Bhardwaj Hospital & Healthcare
232,Dr. Vijay Kapoor,9.0,BPTh/BPT MPTh/MPT - Musculoskeletal Physiotherapy ,ENT/Otorhinolaryngologist,Bhardwaj Hospital & Healthcare
233,Dr. Virad Kumar,8.0,MBBS MD - Pediatrics ,ENT/Otorhinolaryngologist,Bhardwaj Hospital & Healthcare
234,Dr. A.K.Gupta,17.0,MBBS MS - General Surgery MCh - Neuro Surgery ,"Dermatologist,GeneralPhysician",Bhardwaj Hospital & Healthcare
235,Dr. Ritin Prakash,10.0,MBBS MD - Pediatrics MRCPCH (UK) ,"Dentist,Cosmetic/AestheticDentist",Bhardwaj Hospital & Healthcare
236,Dr. Vishal Grag,13.0,"MBBS MD - Dermatology , Venereology & Leprosy Fellowship in Pediatric Dermatology ",Gastroenterologist,Bhardwaj Hospital & Healthcare
237,Dr. Mrinalini Sharma,17.0,MBBS DGO DNB - Obstetrics & Gynecology ,PlasticSurgeon,Bhardwaj Hospital & Healthcare
238,Dr. Ashish Arora,7.0,MBBS MD - Tuberculosis & Respiratory Diseases / Pulmonary Medicine ,Anesthesiologist,Bhardwaj Hospital & Healthcare
239,Dr. Sunil Ahuja,20.0,MBBS MD - Pediatrics Fellowship in Neonatology ,Radiologist,Bhardwaj Hospital & Healthcare
240,Dr. Rajshree Jasuja,16.0,MBBS DNB - Respiratory Diseases FCCP DAA - Diploma in Allergy Asthma and Immunology ,Radiologist,Bhardwaj Hospital & Healthcare
241,Dr. Anika Singhal,20.0,MBBS MD - General Medicine Fellowship in Diabetology ,Pathologist,Bhardwaj Hospital & Healthcare
242,Dr. Sonal Agarwal,1.0,MBBS DNB - General Medicine MNAMS (Membership of the National Academy) Fellowship of Diabetes India ,MedicalMicrobiologist,Bhardwaj Hospital & Healthcare
243,Dr. Ashutosh Upadyay,16.0,MBBS DNB - Radio Diagnosis ,Radiologist,Bhardwaj Hospital & Healthcare
244,Dr. Sonia Mathur,12.0,MBBS MD - Pediatrics ,Anesthesiologist,Bhardwaj Hospital & Healthcare
245,Dr. Sonia Dhalaria,10.0,MBBS MD - Pediatrics MRCPCH (UK) ,Radiologist,Bhardwaj Hospital & Healthcare
246,Dr. Rajrani Kasani,10.0,MBBS DCH PGPN ,Gynecologist/Obstetrician,Sumitra Hospital
247,Dr. Vinita S. Sharma,6.0,MBBS MS - General Surgery MCh - Urology ,Gynecologist,Sumitra Hospital
248,Dr. IS Parmar,8.0,MBBS MS - ENT ,Dermatologist,Sumitra Hospital
249,Dr. Abhilasha,8.0,MBBS MD - Pediatrics ,Pediatrician,Sumitra Hospital
250,Dr. A K Gupta,17.0,MA - Psychology ,Dermatologist,Sumitra Hospital
251,Dr. Amrit Priya Thapliyal,1.0,MDS - Oral & Maxillofacial Surgery Fellowship in Oral implantlogy ,Homoeopath,Sumitra Hospital
252,Dr. Sanjay Geer,17.0,MBBS Diploma in Orthopaedics ,Cardiologist,Sumitra Hospital
253,Dr. Rajesh,56.0,BPTh/BPT ,Physiotherapist,Sumitra Hospital
254,Dr. G S Dhawad,16.0,MS - Orthopaedics MBBS ,Physiotherapist,Sumitra Hospital
255,Dr. Anurag Agarwal,9.0,MBBS MD - Obstetrics & Gynaecology ,GeneralPhysician,Sumitra Hospital
256,Dr. Sanjay,32.0,MBBS MS - ENT ,Homoeopath,Sumitra Hospital
257,Dr. Vilash Jaur,9.0,MBBS MD - Pediatrics ,Pediatrician,Sumitra Hospital
258,Dr. Lalima Chudhary,13.0,MBBS MS - Orthopaedics ,Gynecologist/Obstetrician,Sumitra Hospital
259,Dr. Virendara Gupta,16.0,MBBS MS - General Surgery ,GeneralSurgeon,Sumitra Hospital
260,Dr. Ankit,17.0,MBBS MS - Orthopaedics ,GeneralPhysician,Sumitra Hospital
261,Dr. Naresh,26.0,MBBS DNB - General Medicine Fellowship in Non-Invasive Cardiology (FIC) ,Orthopedist,Sumitra Hospital
262,Dr. M M Dogra,7.0,MBBS MS - General Surgery MCh - Neuro Surgery ,GeneralPhysician,Sumitra Hospital
263,Dr. Abhishek,16.0,MBBS Diploma in Anesthesiology ,Orthopedist,Sumitra Hospital
264,Dr. M K Kanal Kar,11.0,MBBS MS - Orthopaedics ,Ophthalmologist,Sumitra Hospital
265,Dr. Rehana,19.0,MBBS MS - Orthopaedics ,Dentist,Sumitra Hospital
266,Dr. Vijay Gulati,11.0,MBBS MS - Obstetrics & Gynaecology ,Radiologist,Sumitra Hospital
267,Dr. David,18.0,MSPT (Master of Physical Therapy) Master of Hospital Administration ,Neurologist,Sumitra Hospital
268,Dr. Raima,16.0,MBBS DNB - General Surgery ,Gynecologist/Obstetrician,Sumitra Hospital
269,Dr. Syed,13.0,MBBS DCH ,GeneralPhysician,Sumitra Hospital
270,Dr.  Virendara Gupta,8.0,MBBS DNB - Paediatrics ,Radiologist,Sumitra Hospital
271,Dr. Satish Kumar,17.0,MBBS DGO ,GeneralSurgeon,Sumitra Hospital
272,Dr. B K Bhardwaj,1.0,MDS - Oral Medicine and Radiology BDS ,Ear-Nose-Throat(ENT)Specialist,Sumitra Hospital
273,Dr. Deepak Kumar Singh,9.0,MBBS MD - Medicine DNB - Neurology ,Ophthalmologist/EyeSurgeon,ICare Eye Hospital
274,Dr. Jyoti Batra,5.0,MBBS MD - General Medicine ,Ophthalmologist/EyeSurgeon,ICare Eye Hospital
275,Dr. Shahana Mazumdar,39.0,PhD - Cardiology MBBS ,Ophthalmologist/EyeSurgeon,ICare Eye Hospital
276,Dr. Geetha Srinivasan,25.0,MS - Orthopaedics MBBS ,Ophthalmologist/EyeSurgeon,ICare Eye Hospital
277,Dr. Meena Nagar,41.0,MBBS MS - Obstetrics & Gynaecology FNB - Reproductive Medicine Certified IVF Specialist ,Ophthalmologist/EyeSurgeon,ICare Eye Hospital
278,Dr. Shalini Sharma,8.0,MBBS DNB - General Surgery ,Ophthalmologist/EyeSurgeon,ICare Eye Hospital
279,Dr. Uma Sridhar,45.0,MBBS Diploma in Orthopaedics M.Ch - Orthopaedics DNB - Orthopedics/Orthopedic Surgery ,Ophthalmologist/EyeSurgeon,ICare Eye Hospital
280,Dr. Saurabh Choudhry,12.0,MBBS DNB - ENT ,Ophthalmologist/EyeSurgeon,ICare Eye Hospital
281,Dr. Charu Tandon,36.0,MBBS MS - General Surgery MCh - Neuro Surgery ,Ophthalmologist/EyeSurgeon,ICare Eye Hospital
282,Dr. Jyoti Kumar,18.0,MBBS MD - Obstetrics & Gynaecology ,Ophthalmologist,ICare Eye Hospital
283,Dr. Uma	Sridhar,19.0,MBBS DNB - Radio Diagnosis ,Ophthalmologist/EyeSurgeon,ICare Eye Hospital
284,Dr. Usha Singh,11.0,MBBS DDVL ,Gynecologist/Obstetrician,Astha Hospital
285,Dr. Nidhi Bhutani,4.0,MBBS MS - General Surgery MCh - Urology ,Gynecologist,Astha Hospital
286,Dr. Shekhar,9.0,MBBS MD - Radiotherapy FCCS ,GeneralPhysician,Astha Hospital
287,Dr. Hamid,16.0,MA - Psychology B.A. ( English Honors)  ,GeneralSurgeon,Astha Hospital
288,Dr. Rima Jain,16.0,BDS ,Ear-Nose-Throat(ENT)Specialist,Astha Hospital
289,Dr. Amit Singh,37.0,MBBS MCh - Plastic Surgery MS - General Surgery ,Pediatrician,Astha Hospital
290,Dr. upadahay,16.0,MBBS MS - General Surgery ,Orthopedist,Astha Hospital
291,Dr. Saneep Shukla,11.0,MBBS MD - Ophthalmology ,Physiotherapist,Astha Hospital
292,Dr. Ravindar Srivatsava,21.0,MBBS MS - Obstetrics & Gynaecology ,Neurosurgeon,Astha Hospital
293,Dr. S.K. Jain,16.0,MBBS MS - General Surgery ,GeneralPhysician,Astha Hospital
294,Dr. D.K.Jain,6.0,MBBS MD - Dermatology ,GeneralPhysician,Astha Hospital
295,Dr. Narendra Bhansali,6.0,MBBS MD - Pathology ,Pediatrician,Astha Hospital
296,Dr. Vinay Kumar,14.0,MBBS MD - Tuberculosis & Respiratory Diseases / Pulmonary Medicine ,Orthopedist,Astha Hospital
297,Dr. Sonia Gupta,17.0,DNB - Orthopedics/Orthopedic Surgery MS - Orthopaedics MBBS Clinical Fellowship in Adult & Paediatric Spine Surgery Fellowship In Paediatric Spine Surgery Spine Surgery (ABNS) ,Dermatologist,Astha Hospital
298,Dr. Viren Sharma,32.0,MBBS DM - Oncology MD - General Medicine ,Dentist,Astha Hospital
299,Dr. Anjali,25.0,BPTh/BPT ,Dentist,Astha Hospital
300,Dr. Savita Arora,16.0,MSc - Clinical Psychology ,"Gynecologist,Obstetrician",Ganapati Hospital And Maternity Center
301,Dr. Abha Verma,8.0,BDS MDS ,Pediatrician,Ganapati Hospital And Maternity Center
302,Dr. Shahid Ansari,8.0,BDS MDS - Oral & Maxillofacial Surgery DNB ,GeneralPhysician,Ganapati Hospital And Maternity Center
303,Dr. Shobha Chaturvedi,10.0,BDS MDS ,"InfertilitySpecialist,Gynecologist,Obstetrician",Jaypee Hospital
304,Dr. Tulika Sinha,9.0,MBBS MS - General Surgery MCh - Urology ,Gynecologist,Jaypee Hospital
305,Dr. Shweta Goswami,19.0,MS - Orthopaedics MBBS ,"InfertilitySpecialist,Gynecologist,Obstetrician",Jaypee Hospital
306,Dr. Manish Gupta,26.0,MBBS MS - General Surgery ,Neurologist,Jaypee Hospital
307,Dr. Sanjay Gupta,5.0,MBBS MD - Obstetrics & Gynaecology ,"JointReplacementSurgeon,Orthopedist",Jaypee Hospital
308,Dr. Manasi Mehra,6.0,MBBS DCH ,ENT/Otorhinolaryngologist,Jaypee Hospital
309,Dr. Nitin Leekha,5.0,MBBS MD - Medicine DM - Gastroenterology ,SurgicalOncologist,Jaypee Hospital
310,Dr. Sanjiv Gupta,5.0,MBBS MS - General Surgery MCh - Burns & Plastic Surgery ,Ophthalmologist/EyeSurgeon,Jaypee Hospital
311,Dr. Anshu Arora,4.0,MBBS MD - General Medicine DNB - Nephrology ,Ophthalmologist/EyeSurgeon,Jaypee Hospital
312,Dr. Amit K.Devra,16.0,MBBS DNB (Psychiatry) ,"Urologist,Andrologist",Jaypee Hospital
313,Dr. Akash Garg,11.0,MBBS MS - Otorhinolaryngology ,"GeneralPhysician,InternalMedicine,ConsultantPhysician",Dr. Akash Garg Clinic
314,Dr. Surabhi Agarwal,21.0,MD - Pediatrics MBBS ,"Gynecologist,InfertilitySpecialist,Obstetrician",J S Hospital
315,Dr. Chaitanya Murthy,10.0,MBBS MD - Pediatrics ,Dentist,J S Hospital
316,Dr. M.K Kapoor,8.0,MBBS MS - Orthopaedics Fellow in Spine Surgery Fellow in Spine Surgery Fellowship in Endoscopic Spine Surgery ,GeneralPhysician,J S Hospital
317,Dr. Mridula Kulshshrestha,3.0,MD - Medicine DNB - Gastroenterology ,"LaparoscopicSurgeon,GeneralSurgeon",J S Hospital
318,Dr. Shahid Uz Zafar (PT),47.0,DNB - Orthopedics/Orthopedic Surgery MNAMS - Orthopaedics Fellow of Academy of General Education (FAGE) Diploma in Orthopaedics MBBS ,SportsandMusculoskeletalPhysiotherapist,J S Hospital
319,Dr. Seema,51.0,MBBS MD - Obstetrics & Gynaecology DNB - Obstetrics & Gynecology ,Gynecologist/Obstetrician,J S Hospital
320,Dr. Ankur sethi,12.0,MBBS MD - Pediatrics ,Pediatrician,Yatharth Wellness Superspeciality Hospital
321,Dr. Vikas Bhardwaj,8.0,MBBS MS - General Surgery DNB - Urology/Genito - Urinary Surgery ,"Neurologist,Neurosurgeon",Max Multispeciality Hospital
322,Dr. Navreet Sharda,16.0,MBBS DNB - Orthopedics/Orthopedic Surgery ,Pediatrician,Max Multispeciality Hospital
323,Dr. Ritupurna Dash,13.0,MBBS DGO DNB - Obstetrics & Gynecology ,"Dermatologist,PediatricDermatologist",Max Multispeciality Hospital
324,Dr. Anjali Vaish,15.0,MDS - Paedodontics And Preventive Dentistry ,"Gynecologist,Obstetrician,LaparoscopicSurgeon(Obs&Gyn)",Max Multispeciality Hospital
325,Dr. Puneet Gupta,14.0,"MBBS MS - ENT Fellowship in Otolaryngology,Head and Neck Oncology  and Surgery Fellowship in Rhinology and Endoscopic Skull Base Surgery ",Pulmonologist,Max Multispeciality Hospital
326,Dr. Jatin Garg,10.0,"MBBS DNB - Paediatrics Member of the Royal College of Paediatrics and Child Health (MRCPCH, London, Glasgow or Edinburgh) ","Pediatrician,Neonatologist",Green City Hospital
327,Dr. Amrit Goel,24.0,MBBS MD - Obstetrics & Gynaecology ,"Pulmonologist,Allergist/Immunologist,GeneralPhysician",AIMS Hospital
328,Dr. Pooja Agarawal,2.0,MBBS DGO ,GeneralPhysician,AIMS Hospital
329,Dr. Amit Gupta,8.0,Diploma in Orthopaedics MBBS ,ConsultantPhysician,Amrapali Hospital
330,Dr. Sumeet Bhargava,13.0,MBBS MD - Pediatrics ,Radiologist,Amrapali Hospital
331,Dr. Dhananjay Mishra,34.0,MBBS MD - General Medicine ,Pediatrician,Amrapali Hospital
332,Dr. Navreet Sharda,14.0,MBBS MD - Obstetrics & Gynaecology ,Pediatrician,Amrapali Hospital
333,Dr. Tariq Khan,6.0,MBBS MD - General Medicine ,Pediatrician,Amrapali Hospital
334,Dr. Ashutosh Singh,8.0,MBBS DDV ,Urologist,Amrapali Hospital
335,Dr. R.K.Nag,8.0,MS - Orthopaedics M.Ch - Orthopaedics MBBS ,ENT/Otorhinolaryngologist,Amrapali Hospital
336,Dr. Pradeep K Singh,8.0,MBBS MS - Orthopaedics ,Pediatrician,Amrapali Hospital
337,Ms. Navya Dev,9.0,MBBS MD - Pediatrics ,"CounsellingPsychologist,Psychologist",Amrapali Hospital
338,Dr. Ambika   Luthra,6.0,MBBS MS - Orthopaedics ,"Implantologist,OralAndMaxilloFacialSurgeon",Amrapali Hospital
339,Dr. Sujit Narayan,6.0,MBBS MD - General Medicine DNB - Nephrology ,Orthopedist,Narayan's Orthopaedic clinic
340,Dr. Amit Aggarwal (PT),1.0,MBBS MS - General Surgery MCh - Neuro Surgery DNB - Neurosurgery ,Physiotherapist,Samvedana Physiotherapy & Rehabilitation Centre @ Samvedana Hospital
341,Dr. G P Pathak,7.0,MBBS MS - Orthopaedics ,Orthopedist,Life Care Hospital
342,Dr. Abilasha Pathak,5.0,MBBS MD - General Medicine ,Gynecologist,Life Care Hospital
343,Dr. J K Gupta,11.0,MBBS Diploma in Otorhinolaryngology (DLO) ,ENT/Otorhinolaryngologist,Life Care Hospital
344,Dr. Sandhya Gupta,14.0,MBBS MD - Radiotherapy DNB - Radiotherapy DM - Oncology ,Pediatrician,Life Care Hospital
345,Dr. Neeraj Kumar Goyal,15.0,MBBS MD - Obstetrics & Gynaecology ,"JointReplacementSurgeon,Orthopedist",Life Care Hospital
346,Dr. Mukta Baxi,12.0,MBBS MD - Obstetrics & Gynaecology ,GeneralSurgeon,Life Care Hospital
347,Dr. Amit Kr.Srivatsava,7.0,MBBS MS - Obstetrics & Gynaecology ,Orthopedist,Life Care Hospital
348,Dr. Anil Minocha,19.0,MPTh/MPT - Neurological Physiotherapy BPTh/BPT ,ConsultantPhysician,Life Care Hospital
349,Dr. Yashpal Bundela,12.0,MBBS DNB - General Surgery MBA ,Neurosurgeon,Life Care Hospital
350,Dr. Aashish Arora,8.0,MBBS MS - General Surgery DNB - Urology/Genito - Urinary Surgery ,Anesthesiologist,Life Care Hospital
351,Dr. Amit Srivastava,10.0,MBBS MD - Medicine DM - Cardiology ,Orthopedist,Life Care Hospital
352,Dr. B.K. Tripathi,32.0,MBBS MS - General Surgery ,Orthopedist,Tripathi Hospital
353,Dr. Nidhi Tripathi,8.0,MBBS MS - General Surgery ,"Gynecologist,Obstetrician",Tripathi Hospital
354,Dr. Vipin Mishra,10.0,BPTh/BPT MPTh/MPT (Sports Physiotherapy) ,Physiotherapist,Tripathi Hospital
355,Dr. Monisha Sharma,18.0,MBBS MCh - Plastic Surgery ,GeneralPhysician,Tripathi Hospital
356,Dr. Rana Kaur,14.0,MBBS MS - Orthopaedics ,Pediatrician,Tripathi Hospital
357,Dr. Rajni Dhingra Minocha,14.0,MBBS DNB - Pathology Diploma - Diploma in Pathology & Bacteriology ,Pediatrician,Tripathi Hospital
358,Dr. Sujata Garg,24.0,MBBS MD - General Medicine ,Gynecologist,Tripathi Hospital
359,Dr. Divayjeet Goel,9.0,MD - Pediatrics MBBS ,"DentalSurgeon,Dentist",Tripathi Hospital
360,Dr. Navdeep Kumar,5.0,MBBS MS - Orthopaedics ,Neurologist,IndoGulf Hospital & Diagnostics
361,Dr. Akash Garg,7.0,MBBS MD - Neurology DM - Neurology ,"GeneralPhysician,InternalMedicine,ConsultantPhysician",IndoGulf Hospital & Diagnostics
362,Dr. Birinder Singh Thind,20.0,MBBS MD - Dermatology ,Cardiologist,IndoGulf Hospital & Diagnostics
363,Dr. Ankur Singhal,8.0,MBBS MS - Orthopaedics ,Orthopedist,IndoGulf Hospital & Diagnostics
364,Dr. Shweta Goswami,3.0,MBBS MD - Radio Diagnosis/Radiology ,"InfertilitySpecialist,Gynecologist,Obstetrician",IndoGulf Hospital & Diagnostics
365,Dr. Sandeep Jain,12.0,MBBS MS - Obstetrics & Gynaecology ,"GeneralSurgeon,LaparoscopicSurgeon",IndoGulf Hospital & Diagnostics
366,Dr. Sumeet Badhwar,41.0,MD - Physician Fellowship in Non Invasive Cardio and Critical Care ,"JointReplacementSurgeon,Orthopedist",IndoGulf Hospital & Diagnostics
367,Dr. Gaurav Mahajan,26.0,MBBS MD - Radiotherapy DNB - Radiotherapy DM - Oncology ,ENT/Otorhinolaryngologist,IndoGulf Hospital & Diagnostics
368,Dr. Vikas Bhardwaj,5.0,MBBS Diploma in Otorhinolaryngology (DLO) DNB - ENT ,"Neurologist,Neurosurgeon",IndoGulf Hospital & Diagnostics
369,Dr. Anjali Gupta,31.0,BHMS MD - Homeopathy ,"Obstetrician,Gynecologist",IndoGulf Hospital & Diagnostics
370,Dr. Natasha Kacker,33.0,MBBS ,Radiologist,IndoGulf Hospital & Diagnostics
371,Dr. Shobit Caroli,27.0,MBBS MD - Pediatrics ,"Dermatologist,Trichologist,AestheticDermatologist",IndoGulf Hospital & Diagnostics
372,Dr. Rahul Gupta,9.0,MBBS MD - Cardiology DM - Cardiology ,"Urologist,UrologicalSurgeon",IndoGulf Hospital & Diagnostics
373,Dr. Anil Thakwani,34.0,MBBS MD - General Medicine DM - Cardiology ,"GeneralPhysician,RadiationOncologist",IndoGulf Hospital & Diagnostics
374,Dr. Manisha sharma,44.0,MBBS MS - General Surgery MCh - Cardio Thoracic and Vascular Surgery ,Psychologist,IndoGulf Hospital & Diagnostics
375,Dr. sheetal shende,44.0,MBBS MD - Medicine DNB - General Medicine Membership of the National Academy in General Medicine (MNAMS - General Medicine) DM - Cardiology FACC FESC ,"Dentist,Cosmetic/AestheticDentist",IndoGulf Hospital & Diagnostics
376,Dr. Ashutosh Mishra,18.0,MBBS MS - General Surgery MCh - Cardio Thoracic and Vascular Surgery ,PlasticSurgeon,IndoGulf Hospital & Diagnostics
377,Dr. Anshul Kumar Gupta,13.0,MD - Physician ,"GeneralSurgeon,BariatricSurgeon",IndoGulf Hospital & Diagnostics
378,Dr. Lalit Aalok,12.0,MBBS MD - Anaesthesiology ,"GeneralPractitioner,Ophthalmologist/EyeSurgeon",IndoGulf Hospital & Diagnostics
379,Dr. Anushka Madan Mehra,7.0,MS - Orthopaedics MBBS ,"Gynecologist,Obstetrician",IndoGulf Hospital & Diagnostics
380,Dr. B C Sathyanarayan,,MBBS MD - Pediatrics ,GeneralSurgeon,IndoGulf Hospital & Diagnostics
381,Dr. Radha Sharma,,MSc - Clinical Psychology MSc - Psychotherapy ,Dermatologist,IndoGulf Hospital & Diagnostics
382,Dr. Shalini Arora,,MBBS MS - Ophthalmology DOMS ,Pathologist,IndoGulf Hospital & Diagnostics
383,Dr. Puneet Gupta,,MBBS DGO DNB ,Pulmonologist,IndoGulf Hospital & Diagnostics
384,Dr. Ashwani Singh,,"MBBS MD - Skin,VD & Leprosy ",SpineSurgeon,IndoGulf Hospital & Diagnostics
385,Dr. Manish Kumar Singhal,,MBBS MS - ENT ,MedicalOncologist,IndoGulf Hospital & Diagnostics
386,Dr. Ankita Mathur,,DHMS (Diploma in Homeopathic Medicine and Surgery) PGDPC (Post Graduation Diploma In Psychological Counselling) ,Physiotherapist,IndoGulf Hospital & Diagnostics
387,Dr. Manisha Singhal,,MBBS DNB - Orthopedics/Orthopedic Surgery ,ClinicalPsychologist,IndoGulf Hospital & Diagnostics
388,Dr. Naresh Sharma,,MBBS MD - Pediatrics ,"Dentist,Cosmetic/AestheticDentist",IndoGulf Hospital & Diagnostics
389,Dr. Sachin Sachdeva,,MBBS Diploma in Dermatology MD (Specialised Training in Skin & VD) ,"OralAndMaxilloFacialSurgeon,Implantologist",IndoGulf Hospital & Diagnostics
390,Dr. Varsha Sharma,,BDS ,Dentist,IndoGulf Hospital & Diagnostics
391,Dr. Ashutosh Singh,,MBBS MS - Orthopaedics MCh - Plastic Surgery ,Urologist,IndoGulf Hospital & Diagnostics
392,Dr. P K Dave,,MBBS DNB - Paediatrics MRCPCH (UK) DCH ,"Orthopedist,JointReplacementSurgeon",IndoGulf Hospital & Diagnostics
393,Dr. Kumar Manish,,MBBS MD - Medicine ,"BariatricSurgeon,LaparoscopicSurgeon,GeneralSurgeon",IndoGulf Hospital & Diagnostics
394,Dr. Gurpreet Kour Sethi,,BPTh/BPT MPTh/MPT - Neurological Physiotherapy ,"Obstetrician,Gynecologist",IndoGulf Hospital & Diagnostics
395,Dr. Nalin Agarwal,,BDS ,Pediatrician,IndoGulf Hospital & Diagnostics
396,Dr. Vishal Garg,,BDS MDS ,Gastroenterologist,IndoGulf Hospital & Diagnostics
397,Dr. Nishant Chhajer,,MBBS MS - Obstetrics & Gynaecology ,PlasticSurgeon,IndoGulf Hospital & Diagnostics
398,Dr. Varun Verma,,BSc - Dietitics / Nutrition ,"Nephrologist/RenalSpecialist,InternalMedicine",IndoGulf Hospital & Diagnostics
399,Dr. Sandeep Govil,,BDS MDS Post Graduate Certificate in Endodontics (PGCE) ,Psychiatrist,IndoGulf Hospital & Diagnostics
400,Dr. Vijay Kapoor,,MBBS MD - General Medicine ,ENT/Otorhinolaryngologist,IndoGulf Hospital & Diagnostics
401,Dr. Amit Modi,,MS - Orthopaedics MBBS ,Pediatrician,IndoGulf Hospital & Diagnostics
402,Dr. Atul Kumar Maheshwari,,MBBS MS - General Surgery FMAS FIAGES ,Pediatrician,Jaypee Hospital
403,Dr. Ankit Gupta,,MBBS MD - General Medicine ,"SpineAndPainSpecialist,SpineSurgeon,Orthopedist",Jaypee Hospital
404,Dr. Sanjay Khanna,,MBBS DCH ,Gastroenterologist,Jaypee Hospital
405,Dr. Abhishek Kumar,,MPTh/MPT - Musculoskeletal Physiotherapy BPTh/BPT ,"Orthopedist,JointReplacementSurgeon",Jaypee Hospital
406,Dr. Sandeep Chadha,,BDS ,"Gynecologist,Obstetrician",Jaypee Hospital
407,Dr. Vikram Kumar,,MBBS MS - Obstetrics & Gynaecology DGO ,Pediatrician,Jaypee Hospital
408,Dr. Manoj Aggarwal,,MBBS MD - Anaesthesiology ,"Urologist,UrologicalSurgeon,Sexologist",Jaypee Hospital
409,Dr. Vipul Aggarwal,,MBBS Diploma in Clinical Pathology ,"Orthopedist,JointReplacementSurgeon",Jaypee Hospital
410,Dr. Mithee Bhanot,,MBBS MD - Pathology ,Gynecologist,Jaypee Hospital
411,Dr. NIKITA JOHRI,,MBBS Diploma in Anesthesiology ,PediatricDentist,Jaypee Hospital
412,Dr. Vikram M. Bhardwaj,,BDS ,ENT/Otorhinolaryngologist,Jaypee Hospital
413,Dr. Gurpreet Singh,,MBBS DPM (Psychiatry) Postgraduate Diploma in Sexology ,Pediatrician,Jaypee Hospital
414,Dr. Pushpa Kaul,,BPTh/BPT ,"Gynecologist,InfertilitySpecialist",SJM Super Speciality Hospital
415,Dr. Rucheeta wali,,MBBS ,Gynecologist,SJM Super Speciality Hospital
416,Dr. Trilok Kumar Jha,,MBBS MS - Ophthalmology FICO DNB - Ophthalmology ,Orthopedist,SJM Super Speciality Hospital
417,Dr. Archana Yadav,,MBBS DGO ,Pediatrician,SJM Super Speciality Hospital
418,Dr. A K Chhhatarwal,,MBBS DOMS ,GeneralPhysician,SJM Super Speciality Hospital
419,Dr. Neha Gupta,,BDS ,"Gynecologist,InfertilitySpecialist",SJM Super Speciality Hospital
420,Dr. P Sodhani,,BDS MDS - Periodontics ,ConsultantPhysician,SJM Super Speciality Hospital
421,Dr. Gunjan Gupta,,MBBS ,Dermatologist,SJM Super Speciality Hospital
422,Dr. Rajesh Bhatia,,BDS ,Orthopedist,SJM Super Speciality Hospital
423,Dr. Amit Aggrawal,,MBBS MS - Obstetrics & Gynaecology ,Orthopedist,SJM Super Speciality Hospital
424,Dr. D.Singh,,BDS Diploma in Cosmetic Dentistry Fellow of Academy of General Education (FAGE) Diploma in Pedodont MIDA Certified Course in Oral Surgery Post Graduate Certificate in Endodontics (PGCE) Advanced Retreatment Course in RCT certification in smile designing Certified Advanced Course in  Wisdom Tooth Extraction ,Pediatrician,SJM Super Speciality Hospital
425,Dr. Ankur Agarwal,,MBBS MS - General Surgery ,Orthopedist,Prayag Hospital
426,Dr. Varun Verma,,MS - Orthopaedics MBBS ,"Nephrologist/RenalSpecialist,InternalMedicine",Prayag Hospital
427,Dr. P K Jha,,MBBS MD - Obstetrics & Gynaecology ,Neurosurgeon,Prayag Hospital
428,Dr. V.S Chauhan,,MBBS MD - Pediatrics Fellowship in Neonatology ,"Orthopedist,JointReplacementSurgeon",Prakash Hospital 
429,Dr. Manoj Mehra,,MBBS DCH ,Orthopedist, Prakash Hospital
430,Dr. Sanjay Vinayak,,DHMS (Diploma in Homeopathic Medicine and Surgery) ,"InternalMedicine,GeneralPhysician", Prakash Hospital
431,Dr. Indranil Halder,,DHMS (Diploma in Homeopathic Medicine and Surgery) ,Orthopedist, Prakash Hospital
432,Dr. Vineet Gupta,,MBBS DNB - Obstetrics & Gynecology ,ENT/Otorhinolaryngologist, Prakash Hospital
433,Dr. Sanjeev Gera,,MBBS MD - Psychiatry ,Cardiologist, Prakash Hospital
434,Dr. Puneet Gupta,,MBBS MD - Internal Medicine DNB - Nephrology ,MedicalOncologist, Prakash Hospital
435,Dr. RK Jain,,BDS ,Homoeopath, Prakash Hospital
436,Dr. Renu Awana,,,"Gynecologist,Obstetrician", Prakash Hospital
437,Dr. Archana Chadahri,,,Gynecologist, Prakash Hospital
438,Dr. Ruchika Gupta,,,Gynecologist, Prakash Hospital
439,Dr. Anima Anand (PT),,,"Physiotherapist,NeuroPhysiotherapist", Prakash Hospital
440,Dr. Prashant Aggarwal,,,GeneralSurgeon,MITR Hospitals
441,Dr. Satyabrat Garanayak,,,"Urologist,UrologicalSurgeon",MITR Hospitals
442,Dr. Deepak Natarajan,,,Cardiologist,MITR Hospitals
443,Dr. Mukta Baxi,,,GeneralSurgeon,MITR Hospitals
444,Dr. Shyam Pachisia,,,GeneralSurgeon,MITR Hospitals
445,Dr. Amit Sishodia (PT),,,"Physiotherapist,SportsandMusculoskeletalPhysiotherapist",MITR Hospitals
446,Dr. Pravin Kumar,,,PlasticSurgeon,MITR Hospitals
447,Dr. Paras Bhat,,,"JointReplacementSurgeon,Orthopedist",MITR Hospitals
448,Dr. Mrinalini Priyadarshini,,,Pathologist,MITR Hospitals
449,Dr. Bharat Bhushan Sardana,,,"GeneralPhysician,InternalMedicine,ConsultantPhysician",MITR Hospitals
450,Dr. Ashok Panwar,,,Pediatrician,MITR Hospitals
451,Dr. Shiv Chouksey,,,Orthopedist,MITR Hospitals
452,Dr. S Karthikeyan,,,Neurologist,MITR Hospitals
453,Dr. Rachna Singh,,,Dermatologist,MITR Hospitals
454,Dr. Hemant Kumar,,,"Orthopedist,GeneralPhysician",MITR Hospitals
455,Dr. Laeeq-UZ-Zamaan Dev,,,Radiologist,MITR Hospitals
456,Dr. Anushka Madan Mehra,,,"Gynecologist,Obstetrician",MITR Hospitals
457,Dr. Ashish Srivastava,,,GeneralPhysician,MITR Hospitals
458,Dr. Puneet Gupta,,,MedicalOncologist,MITR Hospitals
459,Dr. Vineet Gupta,,,ENT/Otorhinolaryngologist,MITR Hospitals
460,Dr. Tanu Bhatia,,,Homoeopath,MITR Hospitals
461,Dr. Vikram Pratap,,,GeneralPhysician,MITR Hospitals
462,Dr. Ajit Sharan Sahay,,,Pediatrician,MITR Hospitals
463,Dr. Ramesh Arora,,,Cardiologist,Metro Hospitals & Heart Institute
464,Dr. Pankaj   Ranjan,,,Cardiologist,Metro Hospitals & Heart Institute
465,Dr. Gaurav Mahajan,,,CardiothoracicandVascularSurgeon,Metro Hospitals & Heart Institute
466,Dr. Samir Kubba,,,"InterventionalCardiologist,Cardiologist",Metro Hospitals & Heart Institute
467,Dr. Amar Parihar,,,CardiothoracicandVascularSurgeon,Metro Hospitals & Heart Institute
468,Dr. Madhur Dalela,,,CardiacSurgeon,Metro Hospitals & Heart Institute
469,Dr. Kamini Jain,,,Anesthesiologist,Satya Medical Centre
470,Dr. Naresh Varshney,,,Orthopedist,Satya Medical Centre
471,Dr. D K Gupta,,,Pediatrician,Felix Hospital
472,Ms. Satjyot Gill,,,ClinicalPsychologist,Felix Hospital
473,Dr. Ashwini Jain,,,Ophthalmologist/EyeSurgeon,Felix Hospital
474,Dr. Manisha Tomar,,,"Obstetrician,Gynecologist",Felix Hospital
475,Dr. Punit Pratap,,,"Dermatologist,PediatricDermatologist",Felix Hospital
476,Dr. Arvinder Pal Singh,,,ENT/Otorhinolaryngologist,Felix Hospital
477,Dr. Rajni Katyal,,,Homoeopath,Felix Hospital
478,Dr. Piyush Kumar,,,Orthopedist,Felix Hospital
479,Dr. Nikhil Mehrotra,,,Pediatrician,Felix Hospital
480,Dr. Sumaira Muneer,,,"AestheticDermatologist,Dermatologist",Felix Hospital
481,Dr. Namita,,,Dentist,Felix Hospital
482,Dr. K V Paathak,,,Orthopedist,Felix Hospital
483,Dr. Sujaya,,,Pediatrician,Felix Hospital
484,Dr. L B Prasad,,,GeneralPhysician,Felix Hospital
485,Dr. Amar singh rathor (PT),,,NeuroPhysiotherapist,Felix Hospital
486,Dr. Nitin Malik,,,Dentist,Felix Hospital
487,Dr. Rudraksh,,,DentalSurgeon,Felix Hospital
488,Dr. Archana Rathi,,,"Gynecologist,Obstetrician",Felix Hospital
489,Ms. Gunjan Agrawal Parashar,,,Dietitian/Nutritionist,Felix Hospital
490,Dr. Suchitra,,,Dentist,Felix Hospital
491,Dr. Anurag Prasad,,,GeneralPhysician,Felix Hospital
492,Dr. Albert D'souza,,,"Orthopedist,JointReplacementSurgeon",Felix Hospital
493,Dr. Lokendra Kumar,,,"GeneralSurgeon,LaparoscopicSurgeon",Felix Hospital
494,Dr. Akash Garg,,,"GeneralPhysician,InternalMedicine,ConsultantPhysician",Vinayak Hospital
495,Dr. Nidhish Kumar,,,Pediatrician,Vinayak Hospital
496,Dr. Tanuj Garg (PT),,,Physiotherapist,Sharma Medicare Hospital
497,Dr. Shailpriya,,,Dentist,Sharma Medicare Hospital
498,Dr. Minu Agarwal,,,"Gynecologist,Obstetrician",Ivory Hospital
499,Dr. Amit Gupta,,,Anesthesiologist,Ivory Hospital
500,Dr. Mohit Singhal,,,Pathologist,Ivory Hospital
501,Dr. Kashmir Ali,,,Pathologist,Ivory Hospital
502,Dr. Pratibha Kaushal,,,Anesthesiologist,Ivory Hospital
503,Dr. Anuradha Singh,,,Dentist,Ivory Hospital
504,Dr. M. K.  Jain,,,"Psychiatrist,Sexologist",Manas Hospital
505,Dr. Amit Aggarwal (PT),,,Physiotherapist,Dipakshi Multispeciality Hospital
506,Dr. Kshitij Anand,,,"GeneralPhysician,InternalMedicine,ConsultantPhysician",Dipakshi Multispeciality Hospital
507,Dr. Dipankar Anand,,,Ophthalmologist/EyeSurgeon,Dipakshi Multispeciality Hospital
508,Dr. Dr.Kalpana Singh,,,"Obstetrician,Gynecologist,InfertilitySpecialist",Dipakshi Multispeciality Hospital
509,Dr. Vaishali K Anand,,,Ophthalmologist/EyeSurgeon,Dipakshi Multispeciality Hospital
510,Dr. Vaishali Nair,,,Dentist,Dipakshi Multispeciality Hospital
511,Dr. Yadav Ekta,,,Dentist,Dipakshi Multispeciality Hospital
512,Dr. Varun Dahiya,,,"Periodontist,Implantologist,Dentist",Dipakshi Multispeciality Hospital
513,Dr. Keshav Anand,,,GeneralPhysician,Dipakshi Multispeciality Hospital
514,Dr. Manpreet Khurana,,,Dentist,New Hospital
515,Dr. Mukta Mani,,,"Gynecologist,Obstetrician",Kumar Hospital
516,Dr. Hemant Kumar Singh,,,"DentalSurgeon,Cosmetic/AestheticDentist",Kumar Hospital
517,Dr. Swadesh Kumar,,,"LaparoscopicSurgeon,GeneralSurgeon",Kumar Hospital
518,Dr. G P Pathak,,,Orthopedist,Life Care Ortho & Maternity Centre
519,Dr. Abilasha Pathak,,,Gynecologist,Life Care Ortho & Maternity Centre
520,Dr. Jatin Garg,,,"Pediatrician,Neonatologist",Vidya Hospital
521,Dr. Brijesh Chand Garg,,,Pediatrician,Santura Hospital
522,Dr. S P S Bakshi,,,Homoeopath,Bakson's Homoeopathic Centre for Allergy
523,Dr. S P S Bakshi,,,Homoeopath,Bakson's Homoeopathic Medical College and Hospital
524,Dr. Malini Shreevastava,,,GeneralPhysician,NMC Hospital
525,Dr. Sathya Prakash,,,"Psychiatrist,AddictionPsychiatrist,Sexologist","Kailash Hospital, Greater Noida"
526,Dr. Ravinder Singh Bhadoria,,,"Nephrologist/RenalSpecialist,ConsultantPhysician,InternalMedicine","Kailash Hospital, Greater Noida"
527,Dr. Rajesh Bhaskar,,,Dentist,Om Hospital
